"","sample_id","major_type","contam_type","marker_sum","marker_sum_norm","contam_sum","quality_score","Glutamatergic","Astrocyte","Endothelial","GABAergic","Microglia","Oligo.OPC"
"1","BT170919-01_E1-50_S04","Glutamatergic","Superficial.Layers_on",191.148751012917,0.873494837253657,NA,0.466993554813525,-Inf,0.209203392374652,NA,0.260654183453722,0.261114888690163,0.105136711842401
"2","BT170919-01_E1-50_S06","Glutamatergic","Superficial.Layers_on",103.131698477249,0.471282211888428,NA,0.179171909053778,-Inf,0.0838249990861047,NA,0.0149289990325226,0.602481180995247,0.0119299219307298
"3","BT170919-01_E1-50_S23","Glutamatergic","Superficial.Layers_on",238.444200903904,1.08962144591025,NA,0.501785477454176,Inf,0.101982392794578,NA,0.0598949467915434,0.255519717990217,0.0695710922625159
"4","BT170919-01_E1-50_S25","Glutamatergic","Deep.Layers_on",128.83930645689,0.588758589470614,NA,0.454328353566403,-Inf,0.091818319515377,NA,0.246358621863112,0.0973209662487514,0.176411737009669
"5","BT170919-01_E1-50_S26","Glutamatergic","Superficial.Layers_on",185.747889742123,0.848814453982706,NA,0.538138669694488,-Inf,0.0131543206924341,NA,0.111928408321211,0.14372526662403,0.0477422737698209
"6","BT170919-01_E1-50_S27","Glutamatergic","Superficial.Layers_on",173.45223766221,0.792626858952357,NA,0.473243216691667,-Inf,0.0711808251432173,NA,0.020815757838253,0.055286882733625,0.0788848087588327
"7","BT170919-01_E1-50_S29","Glutamatergic","Superficial.Layers_on",148.787553615488,0.679916343905107,NA,0.465859641939139,-Inf,0.0736605966973053,NA,0.027287907246102,0.0557703068063208,0.192897126126813
"8","BT170919-01_E1-50_S38","Glutamatergic","Superficial.Layers_on",213.419102046277,0.975263938795689,NA,0.446422215644635,-Inf,0.0443252235574927,NA,0.0969661956121828,0.275147210157607,0.0126253930558045
"9","BT170919-01_E1-50_S40","Glutamatergic","Deep.Layers_on",158.788800174441,0.72561916534157,NA,0.478955221309681,-Inf,0.0130798066967783,NA,0.0314265208342661,0.025379636400329,0.0706818318438647
"10","BT170919-01_E1-50_S44","Glutamatergic","Superficial.Layers_on",126.345238185698,0.577361414510801,NA,0.180968694288088,-Inf,0.0863007720877176,NA,-0.082998112673518,0.585992307689478,-0.0213631287517892
"11","BT170919-01_E1-50_S45","Glutamatergic","Superficial.Layers_on",199.246237216763,0.910498021194494,NA,0.307612206837208,-Inf,0.186238982986416,NA,0.131817674945343,0.658985321419783,0.00140073900427005
"12","BT170919-01_E1-50_S46","Glutamatergic","Superficial.Layers_on",157.121062830798,0.717998085152203,NA,0.306869767546409,-Inf,0.00893150656371896,NA,-0.0748641262341911,0.349712915375912,-0.0160874367549613
"13","BT170919-01_E1-50_S51","Glutamatergic","Deep.Layers_on",209.528728417509,0.957486049786688,NA,0.523478592377721,-Inf,0.100322648889691,NA,0.382244999367586,0.289772611759902,0.0207821043549794
"14","BT170919-01_E1-50_S66","Glutamatergic","Superficial.Layers_on",179.69265840646,0.821143787645365,NA,0.355511126247449,-Inf,0.206385734345734,NA,0.107600117833957,0.346222125692842,0.0353914438488931
"15","BT170919-01_E1-50_S68","Glutamatergic","Superficial.Layers_on",268.089610516892,1.22509244484691,NA,0.512111237131903,Inf,0.0225925400504421,NA,0.0783686802521114,0.474039027342698,0.069041458722777
"16","BT170919-01_E1-50_S83","Glutamatergic","Superficial.Layers_on",98.7987201209473,0.451481746522552,NA,0.348420576269572,-Inf,0.0232858011706941,NA,-0.00535056203201872,0.0405574951869928,-0.0185980506051515
"17","BT170919-01_E1-50_S88","Glutamatergic","Deep.Layers_on",96.2975981541954,0.440052338201952,NA,0.320849420178642,-Inf,0.0823006781133442,NA,0.124048083836635,0.0929186261484585,0.0993249607628989
"18","BT170919-02_E1-50_S44","Glutamatergic","Superficial.Layers_on",109.197235493798,0.498999972224556,NA,0.206154574341674,-Inf,0.0524564078885893,NA,0.00605145064131273,0.59909342983579,0.0358668613422979
"19","BT170919-02_E1-50_S46","Glutamatergic","Superficial.Layers_on",112.00121759092,0.511813364269279,NA,0.15756885945352,-Inf,0.0851398546299315,NA,0.0694613896872893,0.487267096723096,0.00315178744515879
"20","BT170919-02_E1-50_S53","Glutamatergic","Deep.Layers_on",131.553332898583,0.601160910032094,NA,0.350017267090555,-Inf,0.0618691134446551,NA,0.0228982144400934,0.215964528705958,-0.0156523991112323
"21","huPSX041217_E1-50_S01","Glutamatergic","Superficial.Layers_on",280.14263156388,1.28017128581272,NA,0.498191934878026,Inf,-0.0328437440937821,NA,0.0112912559245606,0.323098597713125,0.114123788149136
"22","huPSX041217_E1-50_S02","Glutamatergic","Superficial.Layers_on",210.789962053215,0.963249524899774,NA,0.477135468863639,-Inf,0.0671368229161341,NA,0.142548171136372,0.156550995135826,0.0308223142084352
"23","huPSX041217_E1-50_S03","Glutamatergic","Superficial.Layers_on",204.900267481139,0.936335313980541,NA,0.523078415883308,-Inf,0.0792117849182079,NA,0.0655044453155919,0.294452873467154,0.0258449694021062
"24","huPSX041217_E1-50_S04","Glutamatergic","Deep.Layers_on",142.969779180276,0.653330787334453,NA,0.342758376240633,-Inf,0.168071380666614,NA,0.0257738661275489,0.292259224931635,0.0167260624390068
"25","huPSX170327_E1-50_S04","Glutamatergic","Superficial.Layers_on",178.219558279521,0.81441214357853,NA,0.349318336451425,-Inf,0.540485906792619,NA,0.623289684120273,0.609120679159218,0.207426199744173
"26","huPSX170327_E1-50_S15","Glutamatergic","Superficial.Layers_on",127.749140124966,0.583776842754315,NA,0.281707988040835,-Inf,0.0751687998936248,NA,-0.0164005368899446,0.335348500299035,-0.000181894115364267
"27","huPSX170327_E1-50_S22","Glutamatergic","Superficial.Layers_on",184.369998224154,0.842517885886587,NA,0.318202097145954,-Inf,0.228840477710485,NA,0.121309162166191,0.485567352367536,-0.0444778534032792
"28","huPSX170327_E1-50_S39","Glutamatergic","Superficial.Layers_on",146.131384862197,0.667778416345655,NA,0.427537091403264,-Inf,0.044658142608968,NA,0.0051773614702458,0.102905953497824,0.0692778699525995
"29","huPSX170327_E1-50_S42","Glutamatergic","Superficial.Layers_on",170.219503101786,0.777854191415802,NA,0.436860426276117,-Inf,0.131008391474725,NA,0.268805730883888,0.227958099085446,0.156835151146866
"30","PS061517_E1-50_S03","Glutamatergic","Superficial.Layers_on",208.888233832264,0.954559173673003,NA,0.427476430686546,-Inf,0.137265872861091,NA,0.219514564551643,0.557009291374122,0.0661098570157997
"31","PS061517_E1-50_S05","Glutamatergic","Superficial.Layers_on",171.499610063385,0.783703912202172,NA,0.522719540826014,-Inf,0.0917272440994445,NA,0.108032726962577,0.103077234780083,-0.0269385227344973
"32","PS061517_E1-50_S41","Glutamatergic","Superficial.Layers_on",101.775906135337,0.465086630673418,NA,0.292004156493118,-Inf,0.0665282677076173,NA,0.0385827531632797,0.0300595245624448,0.0233847274515377
"33","PS061517_E1-50_S58","Glutamatergic","Superficial.Layers_on",210.822921298413,0.963400139174612,NA,0.497765958067187,-Inf,0.170214789161475,NA,0.162586988311779,0.250731051903803,0.158769973026776
"34","PS061517_E1-50_S59","Glutamatergic","Deep.Layers_on",127.421128622836,0.582277924492217,NA,0.37656129262659,-Inf,0.146011098898614,NA,0.10854233632577,0.03106036848349,0.0376070695143363
"35","PS061517_E1-50_S60","Glutamatergic","Deep.Layers_on",124.551063535337,0.569162552180197,NA,0.359271110802918,-Inf,0.0333753129589357,NA,0.13089628308839,0.091409594328531,0.0701882805112625
"36","PS061517_E1-50_S61","Glutamatergic","Superficial.Layers_on",217.059107261402,0.99189771613475,NA,0.560084329017777,-Inf,0.087350351873649,NA,0.164620891691042,0.159294489662827,0.0930142988220981
"37","PS061517_E1-50_S62","Glutamatergic","Superficial.Layers_on",107.650834513568,0.491933364332028,NA,0.342839118565251,-Inf,0.0611312565755767,NA,0.216268111494192,0.201077674235471,0.0707195712876551
"38","PS061517_E1-50_S63","Glutamatergic","Superficial.Layers_on",148.080185655037,0.676683875692692,NA,0.445452316757347,-Inf,0.0832394626525002,NA,0.203540556020291,0.0664112321363722,0.141072627389463
"39","PS061517_E1-50_S64","Glutamatergic","Superficial.Layers_on",192.182068365438,0.878216800478047,NA,0.533735501705776,-Inf,0.117506938429578,NA,0.184467495641124,0.0591235402320877,0.102328106613501
"40","PS061517_E1-50_S65","Glutamatergic","Superficial.Layers_on",142.762562762506,0.65238386787954,NA,0.394739271849369,-Inf,0.0726100113968168,NA,-0.0305471916650201,0.0397221373348881,0.0229039661406397
"41","PS061517_E1-50_S66","Glutamatergic","Superficial.Layers_on",232.128991298893,1.06076275362521,NA,0.598457069044384,Inf,0.102104353450919,NA,0.418395997202975,0.158011620493392,0.203028929029766
"42","RS1SS-161025-01_E12-50_S63","Glutamatergic","Superficial.Layers_on",148.548231646064,0.678822711309418,NA,0.324893412831873,-Inf,0.0690216604718684,NA,0.0183709610776089,0.420420815017671,-0.00990258311406338
"43","RS1SS-161025-01_E12-50_S66","Glutamatergic","Deep.Layers_on",105.461782596758,0.481930026420161,NA,0.281935373964291,-Inf,0.0606815388952915,NA,0.0877399046733141,0.472941953927607,0.104925222256644
"44","SM-GE4QL_S126_E1-50","Glutamatergic","Deep.Layers_on",174.191669625747,0.796005850440541,NA,0.269834095470537,-Inf,0.103169243786485,NA,0.126001662134106,0.680149472152424,0.0548422813686171
"45","SM-GE5O8_S043_E1-50","Glutamatergic","Deep.Layers_on",207.744874194536,0.949334348842146,NA,0.374866269667724,-Inf,0.271454220906975,NA,-0.0626130341381256,0.241931528640131,0.149673248492527
"46","SM-GE5O8_S047_E1-50","Glutamatergic","Deep.Layers_on",181.303646040046,0.828505537975199,NA,0.399810422861894,-Inf,0.104537395926283,NA,0.144027385771878,0.409657370930999,0.150011826830339
"47","SM-GE5OG_S061_E1-50","Glutamatergic","Deep.Layers_on",177.117088956941,0.809374175732015,NA,0.476653781210403,-Inf,0.0493184856621204,NA,0.143253415094644,0.0266275072181542,0.130265993934475
"48","SM-GE5OG_S063_E1-50","Glutamatergic","Superficial.Layers_on",140.20096760323,0.640678114455023,NA,0.207186962662203,-Inf,0.059648804021288,NA,0.081967599010658,0.951679801785338,0.0778223299179162
"49","SM-GE5OG_S081_E1-50","Glutamatergic","Deep.Layers_on",205.598032105786,0.939523897709272,NA,0.535627915698929,-Inf,0.0659084819162907,NA,0.0072995947803439,0.0423885475321854,-0.0209011089722552
"50","SM-GE5OW_S134_E1-50","Glutamatergic","Deep.Layers_on",154.324074931135,0.705216654579046,NA,0.305632108242158,-Inf,0.0891318912403931,NA,0.125287301810521,0.36652375208466,0.0806078442520661
"51","SM-GE5OW_S135_E1-50","Glutamatergic","Superficial.Layers_on",206.495457270105,0.943624872702311,NA,0.567569033878442,-Inf,0.196669309138448,NA,0.0912199392855683,0.151769585339441,0.188629666052087
"52","SM-GE5OW_S144_E1-50","Glutamatergic","Superficial.Layers_on",145.267009064324,0.663828467455654,NA,0.375451300081564,-Inf,0.0909588756111881,NA,0.0824365709283674,0.25864002160727,0.104916636023802
"53","SM-GE5PA_S001_E1-50","Glutamatergic","Superficial.Layers_on",165.662670596931,0.757030776948648,NA,0.340636197917593,-Inf,0.093504049523833,NA,-0.0552845754296544,0.192884726617634,-0.0125618410389295
"54","SM-GE5PA_S002_E1-50","Glutamatergic","Superficial.Layers_on",239.972924686861,1.0966072740934,NA,0.509560997492724,Inf,0.0491534677356506,NA,-0.0460686726119367,0.0451547034473186,-0.00859115602201621
"55","SM-GE5PA_S006_E1-50","Glutamatergic","Deep.Layers_on",146.084064535102,0.667562176055328,NA,0.297514577032973,-Inf,0.0580777718757398,NA,-0.0224303012929432,0.423132496959351,0.0891201307487605
"56","SM-GE5PA_S018_E1-50","Glutamatergic","Superficial.Layers_on",189.452410428632,0.865743048477926,NA,0.388410825825777,-Inf,0.0765073061927912,NA,0.359515154937718,0.138213314826726,0.0202292865653882
"57","SM-GE5PA_S020_E1-50","Glutamatergic","Superficial.Layers_on",217.358837007506,0.993267394902753,NA,0.586441928943575,-Inf,0.0826497027251828,NA,0.00910055604720516,0.0322321734790476,0.0644340332768098
"58","SM-GE5PA_S028_E1-50","Glutamatergic","Superficial.Layers_on",270.962403011714,1.23822028062628,NA,0.675995247278673,Inf,0.117754993398593,NA,0.0731265601114198,0.0792111317978529,0.0624556946763613
"59","SM-GE5PA_S031_E1-50","Glutamatergic","Superficial.Layers_on",209.34732465985,0.956657086767399,NA,0.538203567182815,-Inf,0.0356188676742215,NA,-0.00551297832262226,0.184920282085207,0.026030264941821
"60","SM-GE5PA_S032_E1-50","Glutamatergic","Deep.Layers_on",226.060017423078,1.03302928783033,NA,0.559034301287875,Inf,0.103141123135931,NA,0.22447508631045,0.314399404412574,0.0125726886285758
"61","SM-GE5PA_S035_E1-50","Glutamatergic","Deep.Layers_on",178.18813142899,0.814268531906759,NA,0.543824868691999,-Inf,0.342434758386851,NA,0.56533723750473,0.294323569105014,0.36081744454203
"62","SM-GE5PA_S047_E1-50","Glutamatergic","Superficial.Layers_on",198.394148626177,0.906604221309242,NA,0.451810240963849,-Inf,0.1385779580691,NA,0.0891045272059389,0.180625932962519,0.0475114130836929
"63","SM-GE5PA_S048_E1-50","Glutamatergic","Superficial.Layers_on",176.300152370397,0.805641010399109,NA,0.384479066032539,-Inf,0.3159793052688,NA,0.232084608358319,0.245581959231026,0.0796334460849899
"64","SM-GE5PA_S051_E1-50","Glutamatergic","Superficial.Layers_on",107.952592132732,0.493312309896906,NA,0.396768776444469,-Inf,0.0633085886388904,NA,0.0944373234674614,0.0739503874009762,0.0103027242411913
"65","SM-GE5PA_S056_E1-50","Glutamatergic","Superficial.Layers_on",182.10372632536,0.832161674857636,NA,0.51673001730008,-Inf,0.00485578018076237,NA,0.0384408311250966,0.0526633131254317,0.0109776286256524
"66","SM-GE5PA_S160_E1-50","Glutamatergic","Superficial.Layers_on",130.48097858286,0.596260559108917,NA,0.235272388283084,-Inf,0.013999751513979,NA,0.0828936353532941,0.622338834718692,0.0507644014278633
"67","SM-GE5PG_S035_E1-50","Glutamatergic","Deep.Layers_on",186.159702891973,0.850696321682082,NA,0.354737498813299,-Inf,0.217797443317256,NA,0.19810842559113,0.419754289978254,0.119946930679858
"68","SM-GE5PG_S061_E1-50","Glutamatergic","Deep.Layers_on",214.521503456976,0.980301596304429,NA,0.549480979434159,-Inf,0.00715772802752005,NA,0.0965360788397598,0.0635125648834067,0.0389758458772893
"69","SM-GE5PG_S065_E1-50","Glutamatergic","Superficial.Layers_on",217.008494908072,0.991666432230976,NA,0.607629293773739,-Inf,0.196636488856266,NA,0.341573544631941,0.18450342482275,0.229415709995646
"70","SM-GE5TO_S101_E1-50","Glutamatergic","Superficial.Layers_on",204.987124365172,0.936732224969394,NA,0.506109826708447,-Inf,0.0942337397130172,NA,0.146929062028589,0.0801812136916523,0.0448495596150403
"71","SM-GE5TO_S104_E1-50","Glutamatergic","Superficial.Layers_on",178.117842652761,0.813947332407271,NA,0.522154297611999,-Inf,0.0849729405927602,NA,-0.0114501977368916,0.0639017296029552,-0.0144499047869423
"72","SM-GE5TO_S107_E1-50","Glutamatergic","Superficial.Layers_on",171.873429318727,0.78541215872681,NA,0.391961125352951,-Inf,0.101804842736645,NA,0.122382729923337,0.403799974559878,0.0475073243603533
"73","SM-GE5TO_S111_E1-50","Glutamatergic","Superficial.Layers_on",169.10908218935,0.772779887089713,NA,0.376379505650233,-Inf,0.0375588519453404,NA,0.0631794993178558,0.171330474204155,0.0123073037961033
"74","SM-GE5TO_S114_E1-50","Glutamatergic","Deep.Layers_on",210.855003002207,0.963546743337526,NA,0.424709861824148,-Inf,0.0487808384099815,NA,-0.0585200709626875,0.261105314730929,0.0736910642504555
"75","SM-GE5TO_S115_E1-50","Glutamatergic","Superficial.Layers_on",186.255458764047,0.851133898487843,NA,0.471545662544668,-Inf,0.0866881756130489,NA,0.156062190306924,0.0719275599637727,0.0331233153405902
"76","SM-GE5TO_S116_E1-50","Glutamatergic","Superficial.Layers_on",206.446819230303,0.943402610843754,NA,0.511344713612661,-Inf,0.161793262084557,NA,0.127850614697251,0.208570625791511,0.0769361157526298
"77","SM-GE5TO_S118_E1-50","Glutamatergic","Superficial.Layers_on",227.81730884032,1.04105960438943,NA,0.518027528534836,Inf,0.124208591037916,NA,0.118764752292129,0.19412191870101,0.124436765685197
"78","SM-GE5TO_S123_E1-50","Glutamatergic","Superficial.Layers_on",205.68939042463,0.93994137896106,NA,0.479899569653565,-Inf,0.0808296408316084,NA,0.212218208477328,0.132763834210696,0.222254305140647
"79","SM-GE5TO_S124_E1-50","Glutamatergic","Superficial.Layers_on",221.118717103757,1.01044896598478,NA,0.398036724846419,Inf,0.121340318176027,NA,0.047312376064987,0.590536255639129,0.0862119496523067
"80","SM-GE5TO_S126_E1-50","Glutamatergic","Superficial.Layers_on",167.353518473079,0.764757465627332,NA,0.347328241954068,-Inf,0.141610928718342,NA,0.0606448704476354,0.278500947234918,0.0393907914052165
"81","SM-GE5TO_S127_E1-50","Glutamatergic","Deep.Layers_on",174.884056621864,0.799169859952952,NA,0.412954818803312,-Inf,0.123355001263392,NA,-0.0139333591538316,0.184374096922536,0.0245310886963076
"82","SM-GE5TO_S128_E1-50","Glutamatergic","Deep.Layers_on",215.499591698232,0.984771178368599,NA,0.468753317672808,-Inf,0.123670589862001,NA,0.199184447627897,0.296569354025067,0.131404081617739
"83","SM-GE5TO_S137_E1-50","Glutamatergic","Superficial.Layers_on",160.541978934851,0.733630688241332,NA,0.416542478989037,-Inf,0.214001518633427,NA,0.156583202487908,0.204820451660762,0.118991739332474
"84","SM-GE5TO_S147_E1-50","Glutamatergic","Superficial.Layers_on",159.55536039473,0.729122125163793,NA,0.321069670961276,-Inf,0.288181257006015,NA,0.00114529103795026,0.308144992828875,0.0371479472088707
"85","SM-GE5TO_S158_E1-50","Glutamatergic","Deep.Layers_on",196.54439655921,0.898151386163143,NA,0.582682905962574,-Inf,0.0745928392208994,NA,0.195797306821393,0.0607496194401502,0.0964841168218838
"86","SM-GE5TO_S167_E1-50","Glutamatergic","Deep.Layers_on",95.5125712745871,0.436464991055766,NA,0.2523593083327,-Inf,0.0676681779620936,NA,0.0170214930989016,0.193247666007825,0.0161315985419861
"87","SM-GE5U1_S179_E1-50","Glutamatergic","Deep.Layers_on",123.956300707212,0.566444657048765,NA,0.267897521175078,-Inf,0.0400296327831846,NA,0.11748433684998,0.45015204398857,0.0289760552075215
"88","SM-GE5U1_S183_E1-50","Glutamatergic","Superficial.Layers_on",154.002624208561,0.703747717193311,NA,0.212330353417966,-Inf,-0.0353633884411614,NA,0.000104167713571552,0.938810989325836,0.00927887134085656
"89","SM-GE5U1_S186_E1-50","Glutamatergic","Superficial.Layers_on",210.720114259125,0.962930340561878,NA,0.405789340314415,-Inf,0.0817392596632417,NA,0.0874960855559919,0.491276815556428,0.0217261894321967
"90","SM-GE5U1_S187_E1-50","Glutamatergic","Superficial.Layers_on",212.557908823856,0.971328533360518,NA,0.330542262113448,-Inf,0.0803808116677402,NA,0.0867859680897922,0.794848372609697,-0.0091614776604431
"91","SM-GE5U1_S188_E1-50","Glutamatergic","Superficial.Layers_on",199.092827167883,0.909796981376185,NA,0.350782455267942,-Inf,0.01615874926562,NA,0.0952102172844197,0.757483109224913,0.0297232590492167
"92","SM-GE5U1_S190_E1-50","Glutamatergic","Deep.Layers_on",198.945448025193,0.909123501065293,NA,0.43050677406403,-Inf,0.00778714122652881,NA,0.12695759570358,0.363541236796695,0.16179070544341
"93","SM-GE5U1_S191_E1-50","Glutamatergic","Superficial.Layers_on",209.347501347327,0.956657894178369,NA,0.614037427686356,-Inf,0.0517003153567189,NA,0.121891230323346,0.0350046112008514,0.0913488944253832
"94","SM-GE5U8_S006_E1-50","Glutamatergic","Superficial.Layers_on",227.124350149669,1.03789298239736,NA,0.500858639257395,Inf,0.202085563416606,NA,0.0466009870990222,0.147124079664205,0.0259841894357947
"95","SM-GE5U8_S007_E1-50","Glutamatergic","Superficial.Layers_on",209.017440148547,0.955149609391864,NA,0.487190613835579,-Inf,0.14450657777561,NA,0.141848970607513,0.2851076107447,0.285063813445037
"96","SM-GE5U8_S023_E1-50","Glutamatergic","Superficial.Layers_on",236.625745093536,1.0813116256592,NA,0.541588861723735,Inf,0.0389718649110394,NA,0.0741718015183925,0.180627607095984,0.0648091925400629
"97","SM-GE5U8_S025_E1-50","Glutamatergic","Deep.Layers_on",122.340399570134,0.559060453420593,NA,0.416433644047938,-Inf,0.0624137951407065,NA,0.179881460954234,0.150398782912424,0.0589873069705819
"98","SM-GE5U8_S026_E1-50","Glutamatergic","Superficial.Layers_on",168.674441162706,0.770793702556355,NA,0.512326930145983,-Inf,0.112560101435425,NA,0.231366804355319,0.0759765697677059,0.0596027755203721
"99","SM-GE5U8_S027_E1-50","Glutamatergic","Deep.Layers_on",99.0473274254329,0.452617810429959,NA,0.274847783936477,-Inf,0.440963942324043,NA,0.0282192285948127,0.126366610820749,0.0766977969542514
"100","SM-GE5U8_S028_E1-50","Glutamatergic","Superficial.Layers_on",186.828970411644,0.853754681833936,NA,0.442550432811988,-Inf,0.0768158333682682,NA,0.0404504619308477,0.150156296157955,0.0234113643954344
"101","SM-GE5U8_S029_E1-50","Glutamatergic","Superficial.Layers_on",162.829832814889,0.744085522719792,NA,0.490710249265105,-Inf,0.0956823214618675,NA,0.218687146707823,0.184981288706116,0.0776039514861485
"102","SM-GE5U8_S030_E1-50","Glutamatergic","Superficial.Layers_on",171.683080602744,0.784542319819636,NA,0.570686419595103,-Inf,0.0738413554058049,NA,0.203101679512656,0.134307175200798,0.129281389575988
"103","SM-GE5U8_S031_E1-50","Glutamatergic","Deep.Layers_on",144.127913606935,0.658623128703003,NA,0.488009634668019,-Inf,0.0975918964102549,NA,0.0101649040084329,0.134484941508387,0.0644035063889523
"104","SM-GE5U8_S032_E1-50","Glutamatergic","Deep.Layers_on",85.6184097938604,0.391251517640056,NA,0.212939914963717,-Inf,0.0956448302970106,NA,-0.106155310458333,0.335500086619173,0.0235075218187236
"105","SM-GE5U8_S036_E1-50","Glutamatergic","Superficial.Layers_on",245.0380978306,1.11975365913336,NA,0.496622855591546,Inf,0.0242268480494239,NA,0.0770132223345506,0.385604205150823,0.0317268878253338
"106","SM-GE5U8_S051_E1-50","Glutamatergic","Superficial.Layers_on",217.933668752301,0.995894210713515,NA,0.525008213904467,-Inf,0.0672746237554655,NA,0.0878511166866818,0.0787013973628293,-0.0288261498153663
"107","SM-GE5U8_S052_E1-50","Glutamatergic","Deep.Layers_on",172.364346272685,0.78765550806878,NA,0.28335347151663,-Inf,0.250479309320379,NA,-0.00813094276626294,0.660438903823361,0.0635485419666137
"108","SM-GE5U8_S053_E1-50","Glutamatergic","Superficial.Layers_on",193.733322847584,0.885305587478961,NA,0.532769531050459,-Inf,0.00652149463390742,NA,-0.0933158135753738,0.0450025816537033,0.0277494860114604
"109","SM-GE5U8_S054_E1-50","Glutamatergic","Superficial.Layers_on",92.5694757001572,0.423015890414586,NA,0.343551027709254,-Inf,-0.00524437537236997,NA,0.0761605361926368,0.204138995759208,0.0300099450845276
"110","SM-GE5U8_S055_E1-50","Glutamatergic","Superficial.Layers_on",161.485013812616,0.737940086512116,NA,0.361710041931259,-Inf,0.0648202619624235,NA,0.072461995699074,0.28510434769554,0.0574657191996999
"111","SM-GE5U8_S059_E1-50","Glutamatergic","Superficial.Layers_on",188.208924437662,0.860060674998876,NA,0.435662328374196,-Inf,-0.0026928178223838,NA,0.0726961336320981,0.118386083925432,0.0419095317611323
"112","SM-GE5U8_S060_E1-50","Glutamatergic","Superficial.Layers_on",129.754622921535,0.592941322562429,NA,0.342557457663333,-Inf,0.102623163567483,NA,0.103598425159948,0.173989744214635,0.0879522776182699
"113","SM-GE5U8_S064_E1-50","Glutamatergic","Superficial.Layers_on",216.916880314576,0.99124777987771,NA,0.475580797386085,-Inf,0.18332378014458,NA,0.106143596462562,0.493459438870871,0.0713428616423965
"114","SM-GE5U8_S065_E1-50","Glutamatergic","Superficial.Layers_on",241.420747728558,1.10322340914779,NA,0.383244054478129,Inf,0.0792700522763676,NA,0.0447929958186768,0.47236394424541,0.0486525664604794
"115","SM-GE5U8_S066_E1-50","Glutamatergic","Superficial.Layers_on",152.31673046728,0.696043667486661,NA,0.485363031629503,-Inf,0.0160458447661365,NA,0.00972357600273034,0.0452116419281166,-0.00532011283231798
"116","SM-GE5U8_S067_E1-50","Glutamatergic","Superficial.Layers_on",144.09360013833,0.658466326016532,NA,0.294067966450278,-Inf,0.0273782514436863,NA,0.095567772985589,0.48610693273673,0.0505772258308655
"117","SM-GE5U8_S068_E1-50","Glutamatergic","Superficial.Layers_on",186.770652920958,0.853488187667658,NA,0.459378187301082,-Inf,0.0688909895243452,NA,0.153502621678224,0.200848370007996,0.0928163021367328
"118","SM-GE5U8_S069_E1-50","Glutamatergic","Superficial.Layers_on",216.485331642894,0.989275726517483,NA,0.594687775203061,-Inf,0.101815761588026,NA,0.216885469637207,0.114758977543826,0.0960737969244588
"119","SM-GE5U8_S070_E1-50","Glutamatergic","Superficial.Layers_on",206.975541571982,0.945818719938634,NA,0.415362660756797,-Inf,0.121430526047134,NA,0.170317690972811,0.555881796863335,0.114106881486559
"120","SM-GE5U8_S072_E1-50","Glutamatergic","Superficial.Layers_on",178.905965072822,0.817548825283366,NA,0.298217040190181,-Inf,0.156183629980682,NA,0.320961704104329,0.640211141466896,0.130667403759874
"121","SM-GE5UQ_S127_E1-50","Glutamatergic","Superficial.Layers_on",114.118215085851,0.521487434188659,NA,0.119543655099138,-Inf,-0.0091635785652358,NA,-0.0186882776398576,0.819235111945965,0.00648510004834126
"122","SM-GE5UQ_S135_E1-50","Glutamatergic","Superficial.Layers_on",194.261560186538,0.887719480250824,NA,0.503575720931542,-Inf,0.0488287306857904,NA,0.178707638311146,0.0942739856032915,0.054527314298744
"123","SM-GE5UQ_S155_E1-50","Glutamatergic","Superficial.Layers_on",187.09405818139,0.854966056729482,NA,0.325807686781815,-Inf,0.077738820932348,NA,-0.0704234432748302,0.654998263309393,0.0483660713742347
"124","SM-GE5UQ_S159_E1-50","Glutamatergic","Superficial.Layers_on",236.471285751842,1.0806057908744,NA,0.363218559546327,Inf,0.322403172191592,NA,0.00738851019518323,0.445798899891692,0.00148716691828669
"125","SM-GE5UQ_S160_E1-50","Glutamatergic","Superficial.Layers_on",235.39526787764,1.07568869854224,NA,0.50417702570715,Inf,0.160811903451051,NA,0.0879583218063735,0.337357674716001,0.0311027107495591
"126","SM-GE5UQ_S163_E1-50","Glutamatergic","Superficial.Layers_on",167.176016048704,0.763946330579526,NA,0.378047043987439,-Inf,0.101805342459579,NA,-0.0479297367178801,0.324722197725765,-0.0250356054887728
"127","SM-GE5UQ_S164_E1-50","Glutamatergic","Superficial.Layers_on",191.455706388974,0.874897535073194,NA,0.382997391253371,-Inf,0.171957970240832,NA,0.204349753863474,0.339583718473404,0.0692758125136136
"128","SM-GE5UQ_S171_E1-50","Glutamatergic","Superficial.Layers_on",232.401933681253,1.06201002184222,NA,0.468563648050312,Inf,0.00894401273283766,NA,0.0924737403244522,0.232798564095777,0.0788029900066392
"129","SM-GE5UQ_S172_E1-50","Glutamatergic","Superficial.Layers_on",178.672422671101,0.816481603650463,NA,0.346360630708639,-Inf,0.0642053323687689,NA,-0.0669414077084266,0.390546070957248,-0.0170164218381865
"130","SM-GE5UQ_S173_E1-50","Glutamatergic","Deep.Layers_on",180.295041027972,0.823896503041901,NA,0.312349733402747,-Inf,0.081674552814802,NA,-0.0536993028145025,0.220006303630111,0.111755944989976
"131","SM-GE5UQ_S174_E1-50","Glutamatergic","Superficial.Layers_on",240.995542687209,1.10128034435441,NA,0.52444182648672,Inf,0.200091635581272,NA,0.0536704799166216,0.204201461290624,-0.00307632575413648
"132","SM-GE5UQ_S176_E1-50","Glutamatergic","Superficial.Layers_on",181.990208315313,0.831642930187918,NA,0.268729664722364,-Inf,0.0393631516922257,NA,0.0936310511364231,0.66579288127938,0.0627568313048831
"133","SM-GE5UQ_S177_E1-50","Glutamatergic","Deep.Layers_on",194.722596169366,0.889826282145447,NA,0.544265912652304,-Inf,0.172878899483293,NA,0.299154889820976,0.273481556497361,0.123551643545933
"134","SM-GE5UQ_S179_E1-50","Glutamatergic","Deep.Layers_on",201.63246806224,0.921402410121827,NA,0.383098229571875,-Inf,0.172888289036772,NA,0.130903602043469,0.509520634905176,0.268599124920327
"135","SM-GE5UQ_S180_E1-50","Glutamatergic","Deep.Layers_on",142.62644222835,0.65176183617282,NA,0.402583470428947,-Inf,0.0803829292447805,NA,-0.0563734472196671,0.0651014120189609,-0.0206092741623697
"136","SM-GE5UQ_S181_E1-50","Glutamatergic","Deep.Layers_on",175.731223238211,0.803041167830984,NA,0.37264809995343,-Inf,0.0746019180863189,NA,-0.0327237001402571,0.176174257729037,0.0398413143643928
"137","SM-GE5UQ_S182_E1-50","Glutamatergic","Superficial.Layers_on",138.585175022113,0.633294406896384,NA,0.439243078378429,-Inf,0.13299970036001,NA,0.22938710134276,0.00714764867220887,-0.0181782559254174
"138","SM-GE5UQ_S183_E1-50","Glutamatergic","Superficial.Layers_on",174.902848766995,0.799255734653496,NA,0.362617556889561,-Inf,0.202551759238063,NA,-0.0291406750257723,0.629085252168257,0.0126324346575388
"139","SM-GE5UQ_S187_E1-50","Glutamatergic","Superficial.Layers_on",180.784452896417,0.826132974575784,NA,0.519899622848052,-Inf,0.139553360380942,NA,0.22993679358592,0.241979180642147,0.122793237870963
"140","SM-GE5UQ_S188_E1-50","Glutamatergic","Deep.Layers_on",176.298817751255,0.805634911573333,NA,0.485073262701583,-Inf,0.0972808462606686,NA,0.1874368730844,0.231428885839348,0.0579658323343182
"141","SM-GE5UQ_S192_E1-50","Glutamatergic","Superficial.Layers_on",190.691225662379,0.871404077939302,NA,0.378496243959364,-Inf,0.126381464827532,NA,0.113996894845574,0.538028791141139,0.090222855086105
"142","SM-GE5V9_S111_E1-50","Glutamatergic","Superficial.Layers_on",109.97306968781,0.502545311440446,NA,0.264423383466707,-Inf,0.15754516953447,NA,0.12401712573691,0.0903249286495012,0.134543226495311
"143","SM-GE5V9_S121_E1-50","Glutamatergic","Superficial.Layers_on",206.268583776747,0.942588126063331,NA,0.508081547872422,-Inf,0.204075776422598,NA,0.0513750779520693,0.197718436179359,0.124975933455656
"144","SM-GE5V9_S123_E1-50","Glutamatergic","Superficial.Layers_on",218.087561238483,0.996597455131593,NA,0.473503639344973,-Inf,0.627699934321703,NA,0.063785300442684,0.0714444751169329,0.0473646788724567
"145","SM-GE5V9_S127_E1-50","Glutamatergic","Superficial.Layers_on",229.399510170758,1.04828980958988,NA,0.590342951114818,Inf,0.0599780407322617,NA,0.113013515950973,0.0473364900995207,0.0635260691242972
"146","SM-GE5V9_S128_E1-50","Glutamatergic","Superficial.Layers_on",156.388969092501,0.714652627243637,NA,0.362753014157991,-Inf,0.0702335301268531,NA,-0.00960081668017046,0.196052799473824,0.0828503501464987
"147","SM-GE5V9_S131_E1-50","Glutamatergic","Superficial.Layers_on",128.564324882124,0.587502002730577,NA,0.297334222684972,-Inf,0.000567991142056339,NA,-0.0239192498523648,0.291438755799663,0.00269297101249677
"148","SM-GE5V9_S133_E1-50","Glutamatergic","Superficial.Layers_on",194.735684384449,0.889886091525542,NA,0.512835648757048,-Inf,0.0428529876549817,NA,0.104094930299579,0.107392788646982,0.0387772800402324
"149","SM-GE5V9_S134_E1-50","Glutamatergic","Superficial.Layers_on",159.071033969258,0.726908892642245,NA,0.378322948663666,-Inf,0.100855946549765,NA,0.120675928164885,0.400808812554236,0.00743377448289578
"150","SM-GE5VE_S072_E1-50","Glutamatergic","Deep.Layers_on",196.013321595883,0.895724526263706,NA,0.371475280623639,-Inf,0.0393311046289015,NA,0.0698029354994871,0.441254458135176,0.170756791702919
"151","SM-GE5VJ_S038_E1-50","Glutamatergic","Superficial.Layers_on",170.035780399476,0.777014631486146,NA,0.306261981304585,-Inf,0.0612857966072623,NA,0.195800728996347,0.867884441634496,0.0561049058799388
"152","SM-GE5VJ_S039_E1-50","Glutamatergic","Superficial.Layers_on",192.801559950624,0.881047698919782,NA,0.392282589338191,-Inf,0.047350280239884,NA,-0.0624551861260271,0.274454293848087,0.0384603982225953
"153","SM-GE5VJ_S040_E1-50","Glutamatergic","Superficial.Layers_on",225.31976997045,1.02964656979145,NA,0.473632405633533,Inf,0.186042600762664,NA,0.00358781264169823,0.159454214510488,-0.000323632404264662
"154","SM-GE5VJ_S047_E1-50","Glutamatergic","Superficial.Layers_on",201.383903683147,0.920266542371127,NA,0.446386920755034,-Inf,0.0294598613583614,NA,0.0179217632118734,0.0999746466846189,0.0012729946144134
"155","SM-GE5VJ_S050_E1-50","Glutamatergic","Deep.Layers_on",212.892832285747,0.972859037291547,NA,0.479470381816998,-Inf,0.0682051024203162,NA,0.0293628811231292,0.0899794991078774,0.0491039808494667
"156","SM-GE5VJ_S052_E1-50","Glutamatergic","Deep.Layers_on",155.808194611817,0.711998654838387,NA,0.404410755281222,-Inf,0.0523190929105632,NA,-0.0732793556872181,0.0834862855789343,0.1073244674719
"157","SM-GE5VJ_S061_E1-50","Glutamatergic","Superficial.Layers_on",187.658887973113,0.857547166490244,NA,0.482998057460668,-Inf,0.000536916957480585,NA,-0.115883696141424,0.0680113765790741,-0.00288836578868577
"158","SM-GE5VJ_S068_E1-50","Glutamatergic","Superficial.Layers_on",221.401467304671,1.01174105311285,NA,0.425561846130273,Inf,0.0522204305900684,NA,-0.0197211668484219,0.151997250081339,0.00396881784838861
"159","SM-GE5VJ_S069_E1-50","Glutamatergic","Superficial.Layers_on",95.4937147665792,0.436378822235377,NA,0.355202457778396,-Inf,0.00896307323137892,NA,-0.0438363473146444,0.0682831219040686,-0.0289432881257242
"160","SM-GE5VJ_S071_E1-50","Glutamatergic","Superficial.Layers_on",214.552046129506,0.980441167536937,NA,0.459512855551505,-Inf,-0.0092920959423916,NA,-0.06102516069405,0.240788057683751,0.0375195284947858
"161","SM-GE5VJ_S073_E1-50","Glutamatergic","Superficial.Layers_on",199.038690233001,0.909549591148035,NA,0.428480926418228,-Inf,0.205159539801359,NA,0.124831574176774,0.191322030965727,0.0720540698382486
"162","SM-GE5VJ_S074_E1-50","Glutamatergic","Deep.Layers_on",170.217395851109,0.777844561886036,NA,0.497601443477276,-Inf,0.0813982420901617,NA,0.0199511964129588,0.0354169658550287,0.0236729697587232
"163","SM-GE5VJ_S078_E1-50","Glutamatergic","Superficial.Layers_on",185.371883109393,0.84709621177227,NA,0.309245846477525,-Inf,0.115949426938557,NA,0.0255636250230357,0.553307935892118,-0.0233368278655158
"164","SM-GE5VJ_S087_E1-50","Glutamatergic","Deep.Layers_on",165.820955871011,0.7577540951445,NA,0.424612341360428,-Inf,0.10380929545517,NA,-0.0185081337174533,0.0750374685997013,-0.0187208808164186
"165","SM-GE5VJ_S095_E1-50","Glutamatergic","Superficial.Layers_on",167.738565412723,0.766517019441297,NA,0.473683639103695,-Inf,0.015398551761444,NA,0.0564140336032173,0,0.0890892381405406
"166","SM-GE652_S158_E1-50","Glutamatergic","Deep.Layers_on",187.919064986427,0.858736100640729,NA,0.423660795024696,-Inf,0.0224595453803126,NA,0.0555450385608753,0.274262462098978,0.00391525879356615
"167","SM-GE652_S160_E1-50","Glutamatergic","Superficial.Layers_on",117.390607174201,0.536441325226381,NA,0.228383845831291,-Inf,0.0236790301225121,NA,-0.0261611094924957,0.533583671949744,0.0351338183489552
"168","SM-GE652_S168_E1-50","Glutamatergic","Superficial.Layers_on",108.719084628726,0.496814960238572,NA,0.134372984350615,-Inf,0.0351289479199251,NA,-0.0491920949594887,0.84922990859302,-0.0330407159236249
"169","SM-GE65O_S089_E1-50","Glutamatergic","Superficial.Layers_on",181.819105855344,0.830861041137467,NA,0.368661090292573,-Inf,0.0448545693027391,NA,-0.0533946844730843,0.361841770214366,-0.0328671549224557
"170","SM-GE672_S037_E1-50","Glutamatergic","Superficial.Layers_on",116.418518052211,0.531999157412524,NA,0.077071202134712,-Inf,0.198166853753907,NA,-0.0660749806780397,0.675187462048512,-0.000757467959208367
"171","SM-GE672_S039_E1-50","Glutamatergic","Superficial.Layers_on",141.257661657665,0.645506902486407,NA,0.221911172401116,-Inf,0.00502413397637987,NA,-0.0178239030638637,0.376954500570365,0.000727818371708229
"172","SM-GE672_S040_E1-50","Glutamatergic","Superficial.Layers_on",127.46131601071,0.582461569301012,NA,0.326874016878281,-Inf,-0.00105841625801356,NA,-0.00179077550057297,0.0434126357251282,-0.0145226982113901
"173","SM-GE672_S079_E1-50","Glutamatergic","Superficial.Layers_on",150.577541821718,0.688096075389625,NA,0.257544098069128,-Inf,0.0884984624886856,NA,0.0734415933685898,0.689951481614021,0.125027769409776
"174","SM-GE672_S091_E1-50","Glutamatergic","Superficial.Layers_on",162.754753226148,0.743742430584473,NA,0.395203620910336,-Inf,0.0684618713201929,NA,-0.0156368614958031,0.061211208756994,-0.0199940914044049
"175","SM-GE8WI_S142_E1-50","Glutamatergic","Superficial.Layers_on",206.086600107364,0.941756513014181,NA,0.453561599305184,-Inf,0.0904356844917561,NA,0.123644840702327,0.372566791966711,0.0971709589565916
"176","SM-GE8WI_S143_E1-50","Glutamatergic","Superficial.Layers_on",195.004541546905,0.891114691462079,NA,0.329973511188885,-Inf,0.284303099072388,NA,0.220366587897969,0.830120393383727,0.155533541302425
"177","SM-GE8WI_S144_E1-50","Glutamatergic","Superficial.Layers_on",184.775168684426,0.844369398404347,NA,0.400576029751721,-Inf,0.239144282592091,NA,0.0618261616881905,0.396328009882624,0.0170367996959952
"178","SM-GE8WI_S145_E1-50","Glutamatergic","Superficial.Layers_on",194.468167782369,0.888663617564513,NA,0.411856478331881,-Inf,0.205735291949606,NA,0.33764896114683,0.628782642656836,0.0670724299606041
"179","SM-GE8WI_S149_E1-50","Glutamatergic","Superficial.Layers_on",104.232034248614,0.476310430019277,NA,0.149623076773542,-Inf,0.0545032132570955,NA,-0.0321683551302442,0.659199030258668,-0.0264043235512764
"180","SM-GE8WI_S150_E1-50","Glutamatergic","Deep.Layers_on",163.823283428971,0.748625306411123,NA,0.262956829345694,-Inf,0.159629648557582,NA,0.105406922194692,0.296457715209896,0.0122105363813847
"181","SM-GE8WI_S151_E1-50","Glutamatergic","Superficial.Layers_on",224.317830390719,1.02506799396766,NA,0.474208483484284,Inf,0.120103905827875,NA,0.121037825562793,0.383082449607266,0.142188277010487
"182","SM-GE8WI_S156_E1-50","Glutamatergic","Superficial.Layers_on",219.475310192398,1.00293906887599,NA,0.571416179305828,Inf,0.146222243535974,NA,0.0663705557379417,0.0780902409301002,0.0220043521428753
"183","SM-GE8WI_S157_E1-50","Glutamatergic","Superficial.Layers_on",209.009750706318,0.955114470851578,NA,0.614717011387752,-Inf,0.0338779706396971,NA,0.135647963460501,0.0922090865700647,0.0104604712633055
"184","SM-GE8WI_S159_E1-50","Glutamatergic","Superficial.Layers_on",226.600292714352,1.03549819058341,NA,0.59388355490338,Inf,0.203727082131838,NA,0.220363364721233,0.113736631228271,0.161112511922226
"185","SM-GE8WR_S069_E1-50","Glutamatergic","Superficial.Layers_on",220.226592892893,1.00637221482501,NA,0.344900928275487,Inf,0.0934903051024169,NA,-0.0365505049840956,0.434155238148117,0.0252271389935476
"186","SM-GE8WR_S070_E1-50","Glutamatergic","Deep.Layers_on",189.939250176616,0.86796776616078,NA,0.421990373607163,-Inf,0.0718044238196176,NA,0.269174992101484,0.465521200611606,0.184930904125351
"187","SM-GE8X7_S142_E1-50","Glutamatergic","Deep.Layers_on",187.769715175912,0.85805361494444,NA,0.435274541338155,-Inf,0.269177377230386,NA,0.0803009091261554,0.196266285187789,0.177612180383234
"188","SM-GE8X7_S143_E1-50","Glutamatergic","Deep.Layers_on",92.2633030617234,0.421616769480951,NA,0.358361601693306,-Inf,-0.0216285413663586,NA,0.150701681924873,0.0408444565507794,-0.0196830462503608
"189","SM-GE8X7_S145_E1-50","Glutamatergic","Superficial.Layers_on",232.145360473815,1.0608375560485,NA,0.391424683191198,Inf,0.0939983851020789,NA,0.111965195838183,0.627791449634968,0.0158387233096442
"190","SM-GE8X7_S146_E1-50","Glutamatergic","Deep.Layers_on",136.54410515578,0.623967304410657,NA,0.36320459743778,-Inf,0.153893056432717,NA,0.12545567341239,0.236593519575763,0.0688320280405378
"191","SM-GE8X7_S173_E1-50","Glutamatergic","Superficial.Layers_on",219.562097999722,1.00333566420415,NA,0.391586893857679,Inf,0.055270039794553,NA,0.13300460734825,0.612979717249151,0.0606703422768238
"192","SM-GE8X7_S185_E1-50","Glutamatergic","Deep.Layers_on",83.4089327447668,0.381154842745835,NA,0.0776877900990882,-Inf,0.444127649332015,NA,0.0621005898245912,0.52059362275399,0.104554067562842
"193","SM-GE8XQ_S072_E1-50","Glutamatergic","Deep.Layers_on",108.975728157394,0.497987747380098,NA,0.0838460797801007,-Inf,0.00676316610102437,NA,-0.139371056389615,0.586569102005775,-0.0294149318577525
"194","SM-GE8XQ_S086_E1-50","Glutamatergic","Deep.Layers_on",160.169214966575,0.731927264075191,NA,0.24399084421167,-Inf,-0.00291787391093717,NA,0.0939119055016939,0.664931851346566,0.0357863370607046
"195","SM-GE8YB_S084_E1-50","Glutamatergic","Superficial.Layers_on",195.034445354597,0.89125134326595,NA,0.30414892486896,-Inf,0.165022792202029,NA,0.169168482768504,0.861482918878337,0.152493620324785
"196","SM-GE8YB_S086_E1-50","Glutamatergic","Deep.Layers_on",169.512672390424,0.774624178277262,NA,0.375346088523197,-Inf,0.148809371023022,NA,0.305313766366446,0.436589680197943,0.144960276599411
"197","SM-GE8YB_S087_E1-50","Glutamatergic","Superficial.Layers_on",180.552171496221,0.825071515357313,NA,0.442741058370172,-Inf,0.0786122013637952,NA,0.264400103135377,0.259649861911145,0.0284778837921082
"198","SM-GE8YB_S088_E1-50","Glutamatergic","Superficial.Layers_on",218.362789217462,0.997855167868045,NA,0.50910536548793,-Inf,0.0738443840441341,NA,0.0894115863931809,0.304962913912121,0.132171902132129
"199","SM-GE8YB_S089_E1-50","Glutamatergic","Deep.Layers_on",180.959591610014,0.826933308144899,NA,0.384295330629876,-Inf,0.041405272583433,NA,0.137995497664503,0.378353423145632,0.041247063164123
"200","SM-GE8YB_S090_E1-50","Glutamatergic","Deep.Layers_on",156.556286239127,0.715417218500381,NA,0.431921490113728,-Inf,0.0623180054052403,NA,0.049253512091664,0.13947368939037,0.0504794488826577
"201","SM-GE8YB_S091_E1-50","Glutamatergic","Superficial.Layers_on",189.49317194111,0.865929316871097,NA,0.362708746047454,-Inf,0.130490385723254,NA,0.214057776632355,0.288683059069411,0.0505121988812724
"202","SM-GE8YF_S002_E1-50","Glutamatergic","Superficial.Layers_on",180.493741372071,0.82480450648849,NA,0.284228753289627,-Inf,0.220980782688447,NA,0.156562752795185,0.755993400988658,0.0993590318731108
"203","SM-GE8YF_S003_E1-50","Glutamatergic","Deep.Layers_on",205.101590491081,0.937255302256023,NA,0.540037769289612,-Inf,0.0774410627659965,NA,0.0756329693423622,0.0656147824834734,0.125464838639133
"204","SM-GE8YF_S006_E1-50","Glutamatergic","Superficial.Layers_on",181.399847039688,0.828945148885974,NA,0.389417468213218,-Inf,-0.00043989031118768,NA,0.0757477224315531,0.270243765027838,0.0194181107908338
"205","SM-GE8YI_S080_E1-50","Glutamatergic","Superficial.Layers_on",215.388535737045,0.984263684554339,NA,0.552104656687361,-Inf,0.0570028898020619,NA,0.206896139906089,0.178770051738007,0.0388537441705965
"206","SM-GE8YI_S083_E1-50","Glutamatergic","Superficial.Layers_on",142.993148754294,0.653437579569009,NA,0.427421358697313,-Inf,0.104911189534448,NA,0.0596295766547806,0.110910405731043,0.0315638232909215
"207","SM-GE8YI_S087_E1-50","Glutamatergic","Deep.Layers_on",116.71536245919,0.533355651010257,NA,0.237276533707875,-Inf,0.168895501226297,NA,0.169092768568032,0.822680317656186,0.0940033170215065
"208","SM-GE8YK_S028_E1-50","Glutamatergic","Superficial.Layers_on",178.945100819397,0.817727664393766,NA,0.523607560310831,-Inf,0.0829496171324758,NA,0.200270111313676,0.0722470327607602,0.0577766054782536
"209","SM-GE8YK_S029_E1-50","Glutamatergic","Superficial.Layers_on",152.621564215054,0.697436670074908,NA,0.280976603868116,-Inf,0.103867831294628,NA,0.42898257121331,0.85229417184089,0.0476629624462331
"210","SM-GE8YK_S030_E1-50","Glutamatergic","Superficial.Layers_on",202.000282831992,0.923083217873599,NA,0.37101762813861,-Inf,0.145325547369599,NA,0.123798862427363,0.797596398201304,0.136486394890701
"211","SM-GE8YK_S031_E1-50","Glutamatergic","Superficial.Layers_on",170.589774988329,0.779546227484892,NA,0.315039320029793,-Inf,0.107704028210325,NA,0.338535730673174,0.811616331156955,0.0328298112084573
"212","SM-GE8YK_S032_E1-50","Glutamatergic","Superficial.Layers_on",237.875747180034,1.08702377582145,NA,0.541164675339427,Inf,0.200637925041337,NA,0.203606099093492,0.206174044165324,0.0867196262352743
"213","SM-GE8YK_S033_E1-50","Glutamatergic","Superficial.Layers_on",184.953450403491,0.845184094604844,NA,0.400295374470268,-Inf,0.195009072787312,NA,0.26228159623077,0.586955063545535,0.161654008646942
"214","SM-GE8YK_S036_E1-50","Glutamatergic","Superficial.Layers_on",132.134701502395,0.603817597409231,NA,0.280849534669504,-Inf,0.0841838565864932,NA,0.165595937520507,0.603566110750925,0.0670029070040703
"215","SM-GE8YK_S037_E1-50","Glutamatergic","Superficial.Layers_on",178.87244025429,0.81739562650099,NA,0.361366027509679,-Inf,0.15396455682625,NA,0.173471996610817,0.733669780199971,0.1899933804799
"216","SM-GE8YK_S048_E1-50","Glutamatergic","Deep.Layers_on",173.206315898255,0.791503067193085,NA,0.291689896039929,-Inf,0.10558083743479,NA,0.0887142068118578,0.648110606579799,0.063707132952622
"217","SM-GE8YK_S050_E1-50","Glutamatergic","Superficial.Layers_on",169.826278242117,0.776057266858454,NA,0.410735813247477,-Inf,0.0318450010956798,NA,0.0435064061102969,0.373885622723493,-0.00547024170726576
"218","SM-GE8YK_S054_E1-50","Glutamatergic","Deep.Layers_on",189.558601898329,0.86622831296461,NA,0.408217649926639,-Inf,0.222147425742276,NA,0.224769995336239,0.40549314410735,0.148554880684841
"219","SM-GE8YK_S055_E1-50","Glutamatergic","Superficial.Layers_on",185.612920606564,0.848197683836555,NA,0.362899711261405,-Inf,0.296901498119613,NA,0.000976915076470513,0.55635029093151,0.0961273518512677
"220","SM-GE8YK_S071_E1-50","Glutamatergic","Deep.Layers_on",105.459258053274,0.481918489982239,NA,0.265604346495629,-Inf,0.431951645934584,NA,0.0400958930171585,0.0512153248860259,0.121276904020918
"221","SM-GE8YK_S072_E1-50","Glutamatergic","Superficial.Layers_on",165.085088052529,0.754391390774534,NA,0.520789013001979,-Inf,0.107264954892295,NA,0.243272098916635,0.122712604082261,0.0401426322049293
"222","SM-GE8YK_S078_E1-50","Glutamatergic","Deep.Layers_on",170.185156084285,0.777697235420517,NA,0.409507537575969,-Inf,0.289395288775101,NA,0.213556637402492,0.181995287833594,0.0630163513412397
"223","SM-GE8YK_S079_E1-50","Glutamatergic","Deep.Layers_on",169.07939284477,0.772644215320606,NA,0.417965636304714,-Inf,0.294233659923766,NA,0.461120442210638,0.396127008974658,0.20797679038426
"224","SM-GE8YK_S081_E1-50","Glutamatergic","Superficial.Layers_on",158.247639336297,0.723146215893888,NA,0.391832973660425,-Inf,0.125523799242962,NA,0.171048832448142,0.428203459151683,0.112819920314629
"225","SM-GE8ZP_S162_E1-50","Glutamatergic","Deep.Layers_on",155.70904599595,0.711545574168899,NA,0.289513721093164,-Inf,0.120942235579965,NA,0.218773744253049,0.358890915090783,0.122175155385288
"226","SM-GE8ZX_S147_E1-50","Glutamatergic","Superficial.Layers_on",209.524423874884,0.957466379264442,NA,0.356864112825135,-Inf,0.0978574876986481,NA,0.0784248295749583,0.781989806564704,0.115083797527885
"227","SM-GE8ZX_S152_E1-50","Glutamatergic","Superficial.Layers_on",94.6025471482716,0.432306442428581,NA,0.208398953772762,-Inf,0.216691565124464,NA,0.119869554875578,0.284848897411979,-0.00264959785409104
"228","SM-GE8ZX_S173_E1-50","Glutamatergic","Deep.Layers_on",155.959852807218,0.712691689189948,NA,0.243032720587337,-Inf,0.0395904305072244,NA,0.150340617623703,0.876918582440757,-0.0143380038260867
"229","SM-GE91Q_S055_E1-50","Glutamatergic","Superficial.Layers_on",185.998073695091,0.849957722720394,NA,0.43641449965611,-Inf,0.124293851772772,NA,0.188860072188743,0.343699108281298,0.00296897881286696
"230","SM-GE92A_S003_E1-50","Glutamatergic","Superficial.Layers_on",185.424020551538,0.847334464893462,NA,0.459393306545161,-Inf,0.0547075661638348,NA,0.127726965391634,0.151155751805395,0.0645867359119937
"231","SM-GE92A_S004_E1-50","Glutamatergic","Deep.Layers_on",100.784384985557,0.460555664079227,NA,0.121147130026674,-Inf,0.143501966724528,NA,0.0223155324533979,0.65853466015285,-0.00262419284150701
"232","SM-GE92A_S006_E1-50","Glutamatergic","Superficial.Layers_on",135.25291437823,0.618066933771966,NA,0.296004387266236,-Inf,0.0167776943816128,NA,0.0825565593322443,0.502967956467909,0.0120892190436461
"233","SM-GE92A_S007_E1-50","Glutamatergic","Superficial.Layers_on",155.161371436426,0.709042858887195,NA,0.377862309655912,-Inf,0.0953565198570514,NA,0.111563692574801,0.486765434101397,0.0806961725523512
"234","SM-GE92A_S018_E1-50","Glutamatergic","Superficial.Layers_on",211.772698801424,0.967740349304279,NA,0.420194117725635,-Inf,0.065899990245979,NA,0.578069185930586,0.352165753028292,0.0897605890822524
"235","SM-GE92A_S021_E1-50","Glutamatergic","Superficial.Layers_on",151.055937766366,0.690282207318813,NA,0.362604492627172,-Inf,0.0215087286531654,NA,0.0865292194907376,0.317144875542384,0.0524903221314657
"236","SM-GE92A_S022_E1-50","Glutamatergic","Superficial.Layers_on",151.672675355204,0.693100520789004,NA,0.298649446253872,-Inf,0.0699914321030092,NA,0.0322535076120429,0.637432548924355,0.056985183910458
"237","SM-GE92A_S045_E1-50","Glutamatergic","Superficial.Layers_on",203.393353022403,0.929449148138945,NA,0.422777583194948,-Inf,0.39036790911352,NA,0.355931436894358,0.519702927208735,0.0957318147914213
"238","SM-GE92A_S047_E1-50","Glutamatergic","Superficial.Layers_on",146.251999445759,0.668329590316089,NA,0.292544472878978,-Inf,0.085473024406132,NA,0.12933600275465,0.470465867025622,0.0887142082037173
"239","SM-GE92A_S048_E1-50","Glutamatergic","Superficial.Layers_on",158.386510824945,0.72378081867174,NA,0.321164048507289,-Inf,0.187733818645594,NA,0.2315279451009,0.362559802254021,0.08733860938189
"240","SM-GE92K_S171_E1-50","Glutamatergic","Superficial.Layers_on",142.507149456615,0.651216702502421,NA,0.224907404621719,-Inf,0.118174875371901,NA,0.175052266399946,0.817738182015876,0.0467431041691246
"241","SM-GE92K_S172_E1-50","Glutamatergic","Superficial.Layers_on",246.069421368022,1.12446651119597,NA,0.46566105027852,Inf,0.0850421966074542,NA,0.144072611255663,0.552384223948972,0.0366499417279872
"242","SM-GE92K_S173_E1-50","Glutamatergic","Superficial.Layers_on",180.653453589051,0.825534345403154,NA,0.340777203529893,-Inf,0.0282581492475516,NA,0.130199598136427,0.426994957987679,-0.00702122592314285
"243","SM-GE92K_S174_E1-50","Glutamatergic","Superficial.Layers_on",150.263802350936,0.686662376207612,NA,0.291909860372702,-Inf,0.0600688977096626,NA,0.0363697389972491,0.751312316252644,-0.0110901830897464
"244","SM-GE92K_S175_E1-50","Glutamatergic","Superficial.Layers_on",162.10211674441,0.740760069494586,NA,0.42181752058071,-Inf,0.104610145805082,NA,-0.00120319199548809,0.13922318105239,0.00533145308442518
"245","SM-GE92K_S176_E1-50","Glutamatergic","Superficial.Layers_on",162.390362660123,0.742077270459281,NA,0.379425265326793,-Inf,0.0926514087398845,NA,0.0556734368397156,0.254911334561069,0.130662980978477
"246","SM-GE92K_S178_E1-50","Glutamatergic","Superficial.Layers_on",175.923782310425,0.803921107430663,NA,0.487411261559249,-Inf,0.091417509252509,NA,-0.0335926425094357,0.042586978130876,0.0329789217579408
"247","SM-GE92K_S192_E1-50","Glutamatergic","Superficial.Layers_on",175.896107710433,0.803794642465089,NA,0.379313320324005,-Inf,0.0827107256157523,NA,0.0510228245232697,0.296434350739549,0.0464016631570413
"248","SM-GE92Y_S007_E1-50","Glutamatergic","Superficial.Layers_on",190.437197627974,0.87024324285461,NA,0.37729636458798,-Inf,0.20030314384266,NA,0.297974420238186,0.63870774355947,0.149350475752584
"249","SM-GE92Y_S018_E1-50","Glutamatergic","Superficial.Layers_on",177.640960695523,0.811768118965285,NA,0.296959312720835,-Inf,0.0366318216386262,NA,-0.029595654666627,0.813031300507953,0.0621573361842859
"250","SM-GE92Y_S020_E1-50","Glutamatergic","Deep.Layers_on",171.840956997544,0.785263769554733,NA,0.274627716051203,-Inf,0.0896253236516326,NA,0.114025864752523,0.923384175269981,0.0287688498488663
"251","SM-GE92Y_S021_E1-50","Glutamatergic","Superficial.Layers_on",143.881424646382,0.657496745018349,NA,0.247704754878949,-Inf,0.0946624768174126,NA,0.0334818143280567,0.828726717313994,0.0530332205278775
"252","SM-GE92Y_S023_E1-50","Glutamatergic","Superficial.Layers_on",177.608697138068,0.811620683783421,NA,0.37894494277304,-Inf,0.0187091140275288,NA,0.0593416399949914,0.166002627205455,-0.0414578862161657
"253","SM-GE92Y_S033_E1-50","Glutamatergic","Deep.Layers_on",128.106267662642,0.585408812928056,NA,0.174121687449569,-Inf,0.100284539044027,NA,0.427401141548299,0.870904850853616,0.0257012983036106
"254","SM-GE92Y_S041_E1-50","Glutamatergic","Deep.Layers_on",105.832441668304,0.483623831813401,NA,0.17728027514635,-Inf,0.137252571121421,NA,0.0479559564718709,0.829195068232136,0.0596765111205788
"255","SM-GE92Y_S042_E1-50","Glutamatergic","Deep.Layers_on",106.68777819507,0.487532473833216,NA,0.172131677884971,-Inf,0.168206314889841,NA,0.0717859906592331,0.662269395182623,0.0682928586037152
"256","SM-GE937_S182_E1-50","Glutamatergic","Superficial.Layers_on",256.194413975347,1.17073481649676,NA,0.529219031484679,Inf,0.5902327025087,NA,0.752714687053318,0.579551562977724,0.537759294598577
"257","SM-GE937_S188_E1-50","Glutamatergic","Superficial.Layers_on",154.762287869416,0.707219161721668,NA,0.501431536674087,-Inf,0.0474939094679175,NA,0.123808481793737,0.0566995714117549,0.0323719379069791
"258","SM-GE93B_S027_E1-50","Glutamatergic","Superficial.Layers_on",166.535699649355,0.761020268724158,NA,0.323024070817627,-Inf,0.125996213096361,NA,0.127054596843114,0.706523976380382,-0.00755293043070336
"259","SM-GE93B_S029_E1-50","Glutamatergic","Superficial.Layers_on",222.131184784936,1.01507565220537,NA,0.476257668078963,Inf,0.201691756315748,NA,0.434531303558845,0.612987492435048,0.281720443707173
"260","SM-GE93J_S020_E1-50","Glutamatergic","Superficial.Layers_on",184.229848199284,0.841877440565776,NA,0.33068168530803,-Inf,0.361433557481686,NA,0.160538399105475,0.798935772483995,0.0601847463061543
"261","SM-GE93J_S021_E1-50","Glutamatergic","Superficial.Layers_on",210.407820311406,0.961503247004674,NA,0.383537023770913,-Inf,0.172539114855493,NA,0.236275353444519,0.744583858763815,0.0899228160064553
"262","SM-GE93J_S025_E1-50","Glutamatergic","Superficial.Layers_on",127.558042618685,0.582903582090753,NA,0.36933321044786,-Inf,0.14236682310485,NA,-0.0505437778224272,0.183155345785184,0.0180721840205825
"263","SM-GE93J_S029_E1-50","Glutamatergic","Deep.Layers_on",100.603049265857,0.459727011973845,NA,0.214945654796283,-Inf,0.152140149568133,NA,-0.0316801698985756,0.269438746582338,0.0709357157316333
"264","SM-GE93J_S031_E1-50","Glutamatergic","Superficial.Layers_on",221.062450919422,1.01019184569878,NA,0.47897360316195,Inf,0.0717056347835415,NA,0.0567095439123025,0.236116237910224,0.0714447964474111
"265","SM-GE93J_S042_E1-50","Glutamatergic","Superficial.Layers_on",163.766479104354,0.748365726978749,NA,0.32845562691126,-Inf,0.116713102933577,NA,0.00447941143993824,0.605598884960862,0.0375965896681536
"266","SM-GE93J_S043_E1-50","Glutamatergic","Deep.Layers_on",186.259734589355,0.851153437780209,NA,0.290608576140059,-Inf,0.414292207598428,NA,0.0903188254199663,0.604663467312967,0.0784102682065989
"267","SM-GE93P_S003_E1-50","Glutamatergic","Superficial.Layers_on",171.327982001876,0.782919621303794,NA,0.276106905888538,-Inf,0.00407937102858642,NA,0.171801444823078,0.900334128433371,0.130374034398974
"268","SM-GE93S_S126_E1-50","Glutamatergic","Superficial.Layers_on",137.720908051269,0.629344955314615,NA,0.297503332356201,-Inf,-0.00486434049519668,NA,0.0751238560197067,0.398036141873189,0.0339143057758314
"269","SM-GE93S_S152_E1-50","Glutamatergic","Superficial.Layers_on",158.9438083602,0.726327508185953,NA,0.28981739657771,-Inf,0.0998113611473931,NA,0.237922894755625,0.842556478664469,0.0792122229046519
"270","SM-GE93S_S153_E1-50","Glutamatergic","Superficial.Layers_on",195.433571944969,0.893075237035871,NA,0.52907254045549,-Inf,0.178156395052481,NA,0.150403994129312,0.155691566398753,0.102782609138087
"271","SM-GE93S_S154_E1-50","Glutamatergic","Superficial.Layers_on",192.411270474762,0.879264188222521,NA,0.315163642574924,-Inf,0.278789835433237,NA,0.0811293370660392,0.814776347676823,0.111065519900658
"272","SM-GE93S_S162_E1-50","Glutamatergic","Superficial.Layers_on",135.001763368481,0.616919245862815,NA,0.194436812858645,-Inf,0.0795314624330322,NA,0.0581031258679253,1,0.0155146986349103
"273","SM-GE93V_S001_E1-50","Glutamatergic","Superficial.Layers_on",188.767435000365,0.862612907699779,NA,0.469436693856909,-Inf,0.0757291248243269,NA,0.0632689244778655,0.194768669227348,-0.0199058082210994
"274","SM-GE93V_S002_E1-50","Glutamatergic","Superficial.Layers_on",151.97369874142,0.694476111120402,NA,0.367349420808231,-Inf,0.0237802035099389,NA,0.116314214594795,0.24975116238146,0.0421602720875355
"275","SM-GE93V_S003_E1-50","Glutamatergic","Superficial.Layers_on",121.867218727258,0.556898153007177,NA,0.345358018900513,-Inf,0.0301799195283944,NA,-0.0427710611373916,0.133435798818256,-0.0273651493197785
"276","SM-GE94B_S161_E1-50","Glutamatergic","Deep.Layers_on",206.014242560366,0.941425859827051,NA,0.497496108267663,-Inf,0.160979790988058,NA,0.146298729849083,0.178657090564386,0.174786071715944
"277","SM-GE94B_S169_E1-50","Glutamatergic","Superficial.Layers_on",124.378527654682,0.568374112809317,NA,0.253161308166147,-Inf,0.48379278260834,NA,-0.0524221879743384,0.286150345700662,0.0668517116324719
"278","SM-GE94B_S173_E1-50","Glutamatergic","Deep.Layers_on",135.556718657041,0.619455231983024,NA,0.408019124780278,-Inf,0.0825070195799622,NA,-0.00904677846791226,0.0917625926319105,0.11630960692061
