ephys_session_id,adapt,avg_rate,first_isi,isi_cv,latency,mean_isi,median_isi,stim_amp,threshold_v,peak_v,trough_v,fast_trough_v,slow_trough_v,adp_v,width,upstroke_downstroke_ratio,peak_t,fast_trough_t,trough_t,slow_trough_t,rheo_first_isi,v_baseline,rheobase_i,fi_fit_slope,sag,vm_for_sag,input_resistance,tau
770611326,0.030282952,9.000180004,0.07304,0.123255657,0.07028,0.1033825,0.10838,170,-41.51875305,46.36249924,-57.65000153,-53.46250153,-57.65000153,,0.00094,1.260064217,0.70936,0.71176,0.7554,0.7554,0.45698,-79.08551788,130,0.1650033,0.007618859,-87.64375305,107.812494,0.01813687
611616224,,1.00002,,,0.18408,,,230,-37,51.84375,-50.78125381,-49.09375381,-50.78125381,-45.96875381,0.0007,1.09934604,0.7668,0.76874,0.81374,0.81374,0.56274,-73.85196933,190,0.073940873,0.017477555,-84.03125763,86.58860624,0.02130251
672650708,0.062737554,8.000160003,0.06248,0.199476411,0.07684,0.121417143,0.12938,239.9999847,-37.15625,46.53125381,-51.21875,-47.18750381,-51.21875,-46.40625,0.00084,1.321501652,0.67142,0.67408,0.71904,0.71904,0.33778,-80.89384537,200,0.077803278,0.04436367,-88.96875,64.84375149,0.01667788
758763787,,1.00002,,,0.06646,,,190,-27.63125038,63.16249847,-41.92500305,-38.66875076,,,0.00102,1.459822632,0.65104,0.65394,0.70618,,,-60.09225803,150,0.029310931,0.024248147,-69.51875305,89.21889961,0.032979579
592558145,0.321139982,6.000120002,0.00982,1.066411326,0.05852,0.132048,0.0323,90,-46.59375,41.9375,-60.71875381,-60.68750381,,,0.00094,1.299109168,0.67272,0.67518,0.67542,,,-66.52550107,50,0.148440469,0.075643651,-87.00000763,163.2693261,0.039818016
758294414,0.060852099,8.000160003,0.0725,0.188341576,0.0806,0.128531429,0.13612,140,-25.98750114,49.25000381,-41,-35.95625305,-41,,0.00102,1.302889232,0.73236,0.73508,0.79576,0.79576,0.50638,-67.06454468,100,0.140002797,0.007642072,-76.79999542,115.7810166,0.016977576
732063450,0.275717761,6.000120002,0.00642,0.776429488,0.0819,0.156528,0.23918,200,-33.68750381,50.62500381,-42.1875,-42.15625381,,,0.0009,1.297301227,0.66812,0.6701,0.67008,,0.0077,-70.50877108,160,0.078422621,0.038267124,-80.28125,88.90625089,0.018666316
732791475,0.547667981,4.000080002,0.0091,0.706437322,0.0918,0.281,0.35644,220,-34.03125381,48.5,-41.59375381,-41.53125381,,,0.001,1.581873023,0.6633,0.66598,0.66602,,0.01076,-66.68476817,180,0.04723624,0.105353206,-72.68750763,42.34374687,0.02201356
591399423,0.333302281,4.000080002,0.0355,0.486041273,0.0404,0.09388,0.09926,70,-36.03125,44.84375381,-50.37500381,-50.21875381,,,0.00148,2.359860535,0.61532,0.61978,0.6203,,0.18826,-62.483752,29.99999809,0.079728484,0.027938219,-99.50000763,461.0795677,0.061454052
770369639,0.24351688,6.000120002,0.01132,0.474477244,0.0487,0.181704,0.22028,180,-41.3125,55.07500458,-49.38750458,-49.33125305,,,0.00098,1.519543268,0.61508,0.61778,0.618,,0.01964,-64.75291214,140,0.131917532,0.132972702,-70.91875458,78.43741775,0.015515371
737158405,,2.000040001,0.01686,0,0.07092,0.01686,0.01686,170,-31.90625,53.05625153,-52.44374847,-44.06874847,,,0.0012,1.674175487,0.71942,0.72272,0.86204,,,-64.32409935,130,0.019149319,0.04675743,-70.76875305,81.87503368,0.026801061
720828198,0.073119268,6.000120002,0.12114,0.184567781,0.05314,0.185668,0.19712,280,-33.46875381,55.25000381,-46.00000381,-43.50000381,,,0.00098,1.43798441,0.58816,0.59092,0.62326,,,-67.87944576,239.9999847,0.077886168,0.124166101,-78.25000763,72.09824026,0.019954166
695509855,0.958412284,3.000060001,0.0169,0.958412284,0.05544,0.40637,0.40637,160,-43.59375381,44.90625,-58.9375,-55.31250381,,,0.00102,1.370891816,0.62608,0.62846,0.71566,,,-70.83846422,119.9999924,0.077144397,0.159367874,-83.31250763,109.0625376,0.020926413
592598585,,1.00002,,,0.06702,,,190,-42.96875381,41.84375381,-60.84375381,-60.71875381,,,0.00102,1.230470155,0.61014,0.61256,0.61248,,,-67.26839423,150,0.021257032,0.151630864,-78.56250763,79.51382548,0.027154731
596891498,0.058663454,8.000160003,0.06932,0.195451282,0.03972,0.124091429,0.13044,170,-44.31250381,47.46875,-56.68750381,-56.56250381,,,0.00094,1.366757836,0.59904,0.6017,0.60192,,,-64.66614845,130,0.100737311,0.077194452,-74.96875763,86.06770635,0.016007435
695543419,0.078927174,8.000160003,0.0559,0.246064895,0.08442,0.123302857,0.13948,170,-41.46875,43.90625381,-56.81250381,-52.65625381,,,0.00094,1.275860973,0.9909,0.99334,1.06262,,,-81.78854726,130,0.064227226,0.020043842,-94.34375,117.0313582,0.01931757
721549850,0.091221922,5.000100002,0.12106,0.296902949,0.0522,0.20451,0.20261,119.9999924,-40.5,45.78125,-53.50000381,-50.37500381,,,0.00088,1.272042778,0.61864,0.6212,0.66598,,,-62.52634773,80,0.100716309,0.047604956,-81.90625,174.3748784,0.040932268
689309047,0.182004054,6.000120002,0.03188,0.401478859,0.0833,0.159776,0.1864,180,-36.3125,39.68750381,-50.96875,-47.28125381,,,0.00108,1.280264266,0.8137,0.81614,0.90252,,,-74.38987316,140,0.07845792,0.026787281,-86.625,97.18745947,0.021301266
786497311,0.084736742,9.000180004,0.03654,0.265809798,0.05032,0.10756,0.11592,190,-35.16250229,51.6875,-44.39375305,-43.17499924,,,0.00092,1.223427133,0.62098,0.62326,0.6824,,,-65.02980874,150,0.196555655,0.019039208,-75.91874695,99.187769,0.016223796
677094662,,2.000040001,0.0056,0,0.04042,0.0056,0.0056,430,-38.78125,37.96875,-51.71875381,-45.875,,,0.0008,1.139962759,0.56228,0.56404,0.65848,,,-70.13659559,390,0.013246532,0.150336534,-75.50000763,33.54778141,0.012498701
727397252,0.045325308,7.000140003,0.0966,0.151737042,0.07334,0.142846667,0.15227,140,-32.03125381,41.0625,-53.15625381,-46.46875381,-53.15625381,,0.00076,1.109406831,0.69702,0.6994,0.76272,0.76272,0.58962,-70.8153127,100,0.118271596,0.111127362,-86.37500763,172.1558707,0.031576219
774429668,0.196725423,7.000140003,0.01972,0.426274837,0.05334,0.147786667,0.16929,130,-46.18125153,49.04375076,-56.09999847,-54.65625381,,,0.00104,1.61953595,0.62604,0.62918,0.72486,,,-67.21197459,80,0.12866924,0.168055862,-76.90625763,106.2499955,0.022168693
720794892,,1.00002,,,0.04848,,,110,-45.12500381,34.65625381,-66.21875763,-58.65625381,,,0.00096,1.199199159,0.6544,0.65728,0.7493,,,-83.41144007,70,0.081251625,0.069865197,-99.03125763,135.9371096,0.015509493
768897743,0.046471079,13.00026001,0.0291,0.19870894,0.0296,0.075676667,0.08055,90,-34.36875153,45.09999847,-50.34999847,-45.32500458,-50.34999847,-44.59999847,0.00088,1.176318708,0.59762,0.59976,0.64566,0.64566,0.40494,-61.9602245,50,0.2350047,0.171939686,-86.24375916,216.1581814,0.017283825
685814239,0.032630912,11.00022,0.05764,0.147157059,0.04116,0.08776,0.09085,80,-40.53125,45.50000381,-54.90625381,-50.8125,-54.90625381,,0.00084,1.225057883,0.65174,0.65422,0.68212,0.68212,0.31436,-61.92085436,40,0.1478601,0.0201938,-89.37500763,304.6875,0.027537811
793615707,,1.00002,,,0.06272,,,360,-47.90625381,41.48125458,-64.55625916,-58.25624847,,,0.00076,1.147538818,0.61356,0.6154,0.68026,,,-74.79738827,320,-1.61E-18,0.175132796,-81.8125,43.70826483,0.017852728
768819554,0.03998442,11.00022,0.04608,0.165336067,0.0659,0.086116,0.09188,130,-35.63125229,47.03125381,-50.10000229,-50.03125381,,,0.00088,1.115410806,0.71058,0.7125,0.71242,,0.36462,-73.1811888,90,0.200004,0.007273087,-89.01874542,125.6026924,0.015861552
596894428,,1.00002,,,0.15166,,,249.9999847,-34.78125,29.15625,-43.68750381,-38.21875,,,0.00142,1.69035288,0.65292,0.65648,0.8,,,-67.35754811,249.9999847,0.004000016,0.028337032,-85.87500763,67.70826876,0.019650223
786484807,0.074858695,7.000140003,0.06728,0.220969001,0.07034,0.13207,0.14266,249.9999847,-42.52500153,51.21875,-53.89375305,-51.85625458,,,0.00088,1.300019502,0.69444,0.6967,0.77244,,,-78.46892014,210,0.145002913,0.032221429,-88.19374847,85.96885204,0.016916878
774415993,,2.000040001,0.02056,0,0.05734,0.02056,0.02056,220,-39.20625305,51.61249924,-55.28750229,-51.16249847,,,0.00138,2.086904497,0.65182,0.6556,0.74668,,,-66.01397133,180,0.050001008,0.192208394,-71.24375916,73.59389961,0.020475159
576134053,,2.000040001,0.0059,0,0.0571,0.0059,0.0059,210,-39.46875,48.75000381,-44.31250381,-44.25,,,0.00088,1.362006387,0.61256,0.6146,0.61466,,0.00758,-64.21261575,200,6.21E-17,0.260744303,-71.75,50.65103993,0.018867133
767829614,0.039467229,9.000180004,0.0711,0.151025937,0.06204,0.110865,0.11589,130,-33.26250076,58.40625381,-45.63750458,-44.42499924,-45.63750458,-42.90000153,0.00092,1.264668498,0.67096,0.6733,0.71336,0.71336,0.31566,-64.43422572,90,0.1750035,0.079839319,-74.26249695,149.9996036,0.031826052
770511337,0.98001674,3.000060001,0.00764,0.98001674,0.05616,0.38232,0.38232,190,-37.95000076,35.66875458,-56.07500458,-47.23749924,,,0.00108,1.368387171,0.63528,0.63778,0.82798,,,-67.31956058,150,0.075863586,0.205523133,-73.91249847,89.84374255,0.020172293
786465191,0.14509619,8.000160003,0.01242,0.372144106,0.05466,0.12634,0.14414,190,-37.69374847,52.16250229,-50.32500076,-46.66875458,,,0.00096,1.368374331,0.63058,0.63296,0.76024,,,-68.30429285,150,0.178451845,0.08355622,-79.26250458,98.03134948,0.0176426
653804519,0.069056648,5.000100002,0.12884,0.175524309,0.06002,0.18435,0.19973,200,-45.40625381,42.96875381,-58.34375381,-53.56250381,,,0.001,1.353506801,0.64254,0.64494,0.71688,,,-77.12364127,160,0.124002485,0.048408616,-87.46875,91.09371156,0.018408383
770516164,0.009926006,5.000100002,0.17614,0.041263561,0.09444,0.17905,0.18045,210,-33.20624924,34.77500153,-49.81250381,-44.27500153,,,0.00122,1.410147004,0.74614,0.749,0.81312,,,-71.96295166,170,0.09310531,0.010965589,-80.23124695,109.8434404,0.01912011
720878765,,1.00002,,,0.0602,,,340,-31.53125191,64,-47.9375,-39.0625,,,0.00102,1.611008012,0.61164,0.61458,0.7015,,,-71.49806833,300,0.045780136,0.09267652,-79.84375,70.3125,0.01800232
770662658,0.050143008,6.000120002,0.13958,0.135498837,0.08508,0.181504,0.18056,210,-27.95000076,58.83125305,-44.09375,-41.63125229,,,0.00102,1.365743681,0.72372,0.72612,0.78474,,,-63.72195816,170,0.1050021,0.066593066,-71.125,92.03128517,0.025212277
794299380,0.119345201,8.000160003,0.0203,0.341645676,0.11714,0.114008571,0.12856,320,-40.60000229,33.23125076,-60.81875229,-50.36250305,,,0.00108,1.33946615,0.84284,0.84548,1.49988,,,-86.577771,280,0.1450029,0.008369363,-95.04374695,64.15633857,0.018613923
676983606,,1.00002,,,0.03812,,,260,-36.81250381,54,-48.96875,-45.84375381,,,0.00082,1.199375218,0.58,0.58206,0.62724,,,-72.38848419,220,-3.21E-18,0.051353756,-80.28125,62.65636533,0.009808826
768848501,0.084553623,7.000140003,0.07268,0.234784399,0.0625,0.147723333,0.16367,260,-40.81250381,23.57500076,-48.49375153,-48.36874771,,,0.00146,1.643484704,0.65168,0.65546,0.6557,,,-69.08679708,220,0.136209609,0.044595495,-75.97499847,98.74972701,0.016593826
611926417,0.268168504,5.000100002,0.026,0.501627446,0.1082,0.19046,0.23957,130,-41.46875,41.34375381,-56.53125381,-52.03125381,,,0.00112,1.433273981,0.7776,0.78034,0.88896,,,-72.42423987,90,0.100791143,0.042784978,-89.65625763,147.265628,0.038751065
677060420,0.142034969,7.000140003,0.03114,0.350033153,0.06916,0.133323333,0.15021,320,-43.90625381,47.71875381,-55.28125,-51.40625381,-55.28125,,0.00084,1.358963057,0.64478,0.64712,0.71558,0.71558,0.73406,-80.53625422,280,0.093415042,0.004361588,-86.59375763,47.03120887,0.012283986
653854226,,1.00002,,,0.26548,,,190,-39.84375381,32,-55.56250381,-51.34375381,,,0.0012,1.460317176,0.7666,0.76994,0.83174,,,-75.38177967,190,0.068270596,0.032352544,-86.4375,97.9687497,0.025531885
689323420,,1.00002,,,0.17642,,,40,-38.9375,49.50000381,-54.43750381,-54.40625,,,0.0009,1.182160313,0.67748,0.67976,0.6798,,,-55.0169949,40,0.131252624,0.030324943,-74.43750763,183.4376156,0.02987175
768852808,0.065923371,14.00028001,0.01794,0.293491477,0.03618,0.069269231,0.07392,59.99999619,-33.61249924,45.32500458,-43.14375305,-42.64375305,-43.14375305,,0.00124,1.735506471,0.644,0.6482,0.6979,0.6979,0.20702,-60.14977239,20,0.277946741,0.056210153,-99.11875153,324.0818679,0.036794893
696109719,0.184378696,5.000100002,0.06358,0.46082533,0.10186,0.21851,0.23258,100,-34.4375,48.5,-45.84375381,-45.78125,,,0.00092,1.302703513,0.60292,0.60518,0.60524,,0.06358,-64.1654911,100,0.100002,0.005556023,-83.18750763,226.5623063,0.033425839
720862313,0.315384441,5.000100002,0.00936,0.55297141,0.08002,0.220105,0.28845,390,-35.37500381,56.40625381,-42.1875,-42.00000381,,,0.00106,1.705238872,0.62446,0.62738,0.6275,,0.0114,-71.30861664,350,0.053932285,0.107296139,-76.84375,44.37511414,0.017844151
758303261,0.028565126,11.00022,0.05956,0.135203372,0.0689,0.092764,0.09606,150,-30.82500076,61.20000458,-46.34375,-42.87500381,-46.34375,,0.00092,1.319340121,0.7513,0.75396,0.80592,0.80592,0.37448,-72.96606731,110,0.2300046,0.027986923,-81.76875305,95.93753517,0.014101992
798172866,0.040184446,22.00044001,0.01078,0.255972196,0.02834,0.046241905,0.0517,70,-33.20624924,56.84375381,-41.90625381,-41.79375076,,,0.0009,1.407216234,0.58812,0.59074,0.59096,,0.01944,-62.27443452,29.99999809,0.380007591,0.143549994,-100.9187546,314.5558536,0.035094513
592598056,,1.00002,,,0.06048,,,130,-35.06250381,32.50000381,-56.43750381,-56.34375381,,,0.00112,1.145886248,0.5913,0.59424,0.59448,,,-54.11322262,90,0.078701939,0.005024878,-68.34375,118.8802049,0.027349429
769293657,0.131434332,8.000160003,0.03276,0.341549307,0.04502,0.133288571,0.1456,90,-43.69375229,47.69375229,-57.61249924,-57.06874847,,,0.0009,1.35845887,0.6389,0.6415,0.72706,,,-64.30581919,50,0.166179794,0.322430968,-78,205.1561177,0.037697892
768857387,0.04135781,11.00022,0.04538,0.177227048,0.08354,0.084364,0.08846,190,-37.06250381,41.48125458,-48.09375,-47.80625153,,,0.00096,1.258240573,0.76464,0.76692,0.81692,,0.2665,-77.35329151,150,0.1850037,0.02079772,-84.80625916,93.2815522,0.014779349
811939078,0.015428234,9.000180004,0.0894,0.069059744,0.08808,0.10515,0.10555,130,-37.96875,45.76250076,-52.94375229,-50.59375381,-52.94375229,,0.001,1.328490474,0.9035,0.90614,0.956,0.956,0.40912,-70.52588515,90,0.164658466,0.018589674,-85.71250916,129.8126131,0.025867
770307186,0.306347875,5.000100002,0.01256,0.540440637,0.08058,0.19541,0.25402,230,-38.36249924,39.09999847,-49.81875229,-47.86249924,,,0.00112,1.436961464,0.70088,0.70354,0.81844,,,-68.43212605,190,0.100002023,0.050609261,-74.61249542,82.18745887,0.023020202
774420835,0.243321176,4.000080002,0.13412,0.374528899,0.04798,0.250373333,0.25324,190,-42.91250229,50.5625,-56.21250153,-54.75624847,,,0.00116,1.752174201,0.61692,0.62036,0.68682,,,-65.09543193,150,0.104821374,0.141834751,-70.01250458,73.74992222,0.016763651
793647652,0.027221508,15.00030001,0.0386,0.178791871,0.02578,0.065997143,0.06882,59.99999619,-48.12500381,41.18125153,-64.41874695,-63.65625381,,,0.00136,2.107750031,1.0849,1.0908,1.10066,,,-69.95758184,10,0.263258283,0.10067682,-102.0499954,300.6252348,0.041873041
811954336,0.07067571,12.00024,0.02642,0.350268437,0.04846,0.080505455,0.09392,59.99999619,-38.26875305,49.18124771,-46.30624771,-45.9375,,,0.00138,2.138631582,0.88978,0.89472,0.8965,,0.03422,-59.89706516,20,0.225004521,0.047585413,-99.73125458,245.2416718,0.048590166
571511135,0.035506611,7.000140003,0.10878,0.127086072,0.1015,0.148953333,0.15678,110,-42.46875381,26.40625,-55.53125381,-55.40625381,,,0.00124,1.41862372,0.69868,0.70176,0.76578,,0.29134,-72.58536316,70,0.118731968,0.090868242,-93.34375763,152.716428,0.028485775
793375116,0.314939239,5.000100002,0.01256,0.540701559,0.05582,0.188865,0.24255,220,-43.77500153,47.20625305,-51.23125458,-51.16875458,,,0.00096,1.553929489,0.581,0.58378,0.58404,,0.02156,-71.96245613,180,0.013714562,0.154270723,-81.29375458,67.01564789,0.020216636
601940724,0.355535354,5.000100002,0.01046,0.566837932,0.07144,0.205095,0.24725,230,-44.90625,45,-54.03125381,-53.96875381,,,0.00088,1.333550859,0.6579,0.66028,0.66038,,0.0347,-78.2464558,190,0.097918627,0.103611641,-87.68750763,84.50511098,0.016923404
786464112,0.030911378,12.00024,0.0486,0.147871196,0.06932,0.079296364,0.08168,160,-40.86249924,53.68125153,-53.78125381,-53.73125076,,,0.00086,1.234681419,0.80936,0.81164,0.81174,,0.4685,-80.31186142,119.9999924,0.230004576,0.015332087,-94.40000153,117.6115572,0.01550574
774350500,0.070552229,9.000180004,0.0522,0.230584469,0.0587,0.116665,0.12212,110,-34.22500229,58.13750076,-46.70000458,-42.31874847,-46.70000458,,0.00098,1.48341786,0.68538,0.68818,0.76526,0.76526,0.66492,-65.24401283,70,0.1550031,0.074517578,-79.08125305,180.7813644,0.027308269
685767550,0.118322872,5.000100002,0.11488,0.245681065,0.0625,0.19797,0.21923,270,-33.78125381,57.1875,-47.43750381,-44.1875,,,0.00096,1.399577789,0.64726,0.64986,0.70164,,,-69.09362852,230,0.093873423,0.00879183,-77.90625,81.56234771,0.017508733
674660103,,2.000040001,0.00778,0,0.06112,0.00778,0.00778,360,-42.4375,47.40625381,-59.40625381,-50.15625,,,0.0009,1.378023102,0.63268,0.63494,0.71444,,,-72.72641343,310,0.031423115,0.131674796,-77.34375763,51.09370872,0.016465918
653034589,0.136106674,9.000180004,0.012,0.355994485,0.03868,0.1040725,0.11204,239.9999847,-44.53125381,48.28125381,-52.15625,-52.12500381,,,0.00086,1.360875976,0.53976,0.54202,0.5422,,0.012,-71.91543706,239.9999847,-0.040000797,0.104185626,-81.31250763,70.93746215,0.01833177
596053349,,1.00002,,,0.0566,,,350,-45.3125,45.43750381,-56.50000381,-55.00000381,,,0.00082,1.241639948,0.5971,0.59914,0.65958,,,-73.51003284,300,0.039535674,0.114897296,-80.0625,55.4686524,0.013375251
672646262,0.077794497,17.00034001,0.00784,0.477194634,0.0389,0.05699875,0.06709,70,-37.46875,49.375,-35.90625,-35.84375381,,,0.0012,2.011155913,0.5401,0.54316,0.5432,,0.00784,-65.08582524,70,0.150003,0.045328099,-89.75000763,297.6562381,0.03283068
770275704,0.019773065,15.00030001,0.04076,0.13279531,0.05608,0.06677,0.06986,80,-42.56875229,24.64999962,-53.40625381,-52.48749924,-53.40625381,,0.0009,1.178413435,0.83592,0.83814,0.88542,0.88542,0.32278,-68.34713745,40,0.202590268,0.004791754,-87.91875458,221.6407657,0.03355613
768885416,,2.000040001,0.01132,0,0.05494,0.01132,0.01132,180,-37.34999847,51.66250229,-52.80625153,-46.47500229,,,0.00106,1.607880255,0.61818,0.621,0.7497,,,-63.9502321,140,0.05535825,0.175069571,-69.45625305,82.65628666,0.014175661
689360240,0.03483006,9.000180004,0.06774,0.15044026,0.08502,0.1003475,0.10684,130,-40.09375381,45.78125,-57.84375381,-57.81250381,,,0.00092,1.144697066,0.8423,0.84468,0.8447,,0.4966,-79.69532267,90,0.125002513,0.011508996,-95.31250763,128.7498474,0.019038261
786456524,0.016432181,10.0002,0.0792,0.089121419,0.07818,0.1007,0.10224,180,-38.42500305,48.68125153,-52.40000153,-49.45624924,-52.40000153,-47.38750458,0.00082,1.187663066,0.78172,0.78386,0.82882,0.82882,0.58414,-76.7982822,140,0.185718,0.035214208,-88.48749542,96.18759155,0.011107679
700862472,,2.000040001,0.03456,0,0.04052,0.03456,0.03456,300,-39.0625,57.46875381,-47.59375381,-47.50000381,,,0.00126,2.309684324,0.55274,0.55632,0.55668,,,-60.79227676,260,0.049354441,0.173260003,-67.90625,55.62515184,0.02254326
676983132,,2.000040001,0.33808,0,0.05126,0.33808,0.33808,180,-43.68750381,45.0625,-60.375,-54.50000381,,,0.00082,1.146214765,0.67882,0.68094,0.73034,,,-79.13210869,140,0.110296324,0.014627208,-89.78125763,94.6873799,0.014327998
793560108,,2.000040001,0.37088,0,0.06684,0.37088,0.37088,300,-46.74375153,45.66249847,-61.83750153,-55.66250229,,,0.00082,1.243789093,0.66016,0.66228,0.732,,,-74.11870003,260,0.064656466,0.079115741,-80.79375458,50.73438585,0.017136154
680581408,,2.00001,0.80234,0,0.06054,0.80234,0.80234,249.9999847,-39.53125381,45.875,-59.06250381,-54.43750381,,,0.000845,1.163496023,0.667705,0.669985,0.704625,,,-81.02222443,210,0.011339153,0.002162251,-90.15625763,75.46859235,0.013665068
787239134,0.234881448,7.000140003,0.00694,0.662088328,0.05718,0.15436,0.21472,150,-43.5625,32.25000381,-54.73125458,-50.66250229,,,0.00108,1.314874083,0.63886,0.64124,0.8049,,,-68.14289787,110,0.1400028,0.089930117,-80.23124695,108.5576862,0.019470746
592585099,,1.00002,,,0.36312,,,300,-41.21875,39.875,-56,-55.87500381,,,0.00096,1.230593122,0.87924,0.88194,0.8821,,,-74.96088976,290,-2.13E-17,0.066050239,-84.62500763,75.91142505,0.031326674
695531218,0.033268217,13.00026001,0.04004,0.185081731,0.0589,0.07107,0.07239,130,-40.46875381,52.3125,-48.15625381,-48.03125,,,0.00084,1.180387429,0.6607,0.66302,0.6631,,0.30314,-72.69515483,90,0.140709626,0.012280028,-90.53125,138.593778,0.019009902
769228073,0.02921587,13.00026001,0.04422,0.159140131,0.03038,0.076543333,0.08042,110,-42.48750305,33.10625076,-53.16875458,-47.6875,-53.16875458,,0.00094,1.284941541,0.62168,0.62444,0.6523,0.6523,0.23748,-64.9748121,70,0.235719,0.092028812,-80.38124847,204.5312822,0.024163587
811883172,0.093278031,12.00024,0.01866,0.452051673,0.03686,0.087023636,0.09834,70,-33.09375,53.32500458,-43.5625,-43.34999847,,,0.00148,2.328900239,0.65904,0.66348,0.664,,0.03164,-60.25678507,20,0.181582579,0.095886007,-97.8187561,303.4376204,0.037021134
758996791,,2.000040001,0.13434,0,0.06984,0.13434,0.13434,160,-33.59375,55.44375229,-44.93750381,-44.93125153,,,0.00094,1.330520909,0.64198,0.64454,0.64456,,,-65.04755306,110,0.065421869,0.024294404,-75.86249542,145.0566351,0.027915774
571732666,,2.000040001,0.0089,0,0.08858,0.0089,0.0089,230,-44.09375,53.31250381,-51.46875381,-51.34375381,,,0.00098,1.581900315,0.76214,0.76498,0.76502,,0.00966,-72.01565254,180,0.045306018,0.007062925,-78.65625763,57.52847716,0.039035645
591317862,0.222866053,6.000120002,0.0166,0.449051093,0.05434,0.155,0.18852,150,-55.96875381,26.34375191,-69.31250763,-68.46875763,,,0.00108,1.440648052,0.63072,0.6335,0.73042,,,-77.70057876,90,-0.00119797,0.133146584,-87.40625763,78.38547975,0.026535184
770645870,0.032860412,6.000120002,0.12128,0.100454347,0.11478,0.149128,0.15062,300,-39.47500229,42.43125153,-55.00000381,-51.22499847,,,0.00098,1.330657712,0.80568,0.8081,0.87194,,,-82.98908138,260,0.1300026,0.001208488,-87.88124847,69.8434785,0.014018126
794245838,0.044506343,9.000180004,0.06808,0.168987523,0.08578,0.108065,0.11581,160,-39.42499924,46.65000153,-53.50000381,-49.13125229,,,0.0009,1.362697685,0.92416,0.9271,0.99844,,,-76.2049324,119.9999924,0.165003284,0.029890737,-90.38750458,127.6563555,0.026708713
677060197,0.068889636,9.000180004,0.04242,0.240506911,0.05204,0.10455,0.11669,170,-41.09375,44.8125,-51.375,-46.37500381,-51.375,,0.00082,1.282095052,0.62252,0.62486,0.68154,0.68154,0.5992,-75.85648142,130,0.127887173,0.042442556,-89.37500763,99.7767821,0.017483526
712892003,0.050702254,14.00028001,0.02304,0.215360163,0.03386,0.073983077,0.07916,90,-40.56250381,24.03125191,-53.37500381,-49.50000381,-53.37500381,,0.00084,1.154018763,0.65302,0.6555,0.70362,0.70362,0.50706,-61.20954305,40,0.197932953,0.182724535,-82.46875763,187.6562387,0.02488629
767433000,,1.00002,,,0.06074,,,420,-37.23750305,48.79375076,-51.73125458,-48.43750381,,,0.00088,1.21898532,0.6352,0.63722,0.7064,,,-70.50021362,380,0.0300006,0.078436293,-74.29999542,49.99980703,0.012422056
774619846,0.107534247,7.000140003,0.0576,0.282625418,0.05312,0.149036667,0.16214,150,-50.33124924,44.5,-63.90000153,-59.76250458,,,0.0011,1.573397785,0.6388,0.6416,0.74102,,,-77.08798828,110,0.140428334,0.089393109,-84.63749695,99.37476367,0.018644728
768866897,,1.00002,,,0.0742,,,180,-47.56250381,43.88125229,-63.03125763,-58.00000381,,,0.00094,1.416964744,0.61356,0.61592,0.69888,,,-71.1314226,140,0.0392865,0.261667728,-77.61249542,73.90622795,0.014857927
720856351,0.05179337,10.0002,0.04556,0.202460965,0.05132,0.097517778,0.10536,100,-30.37500191,30.1875,-45,-38.75,-45,,0.00122,1.412736401,0.68592,0.68944,0.7357,0.7357,0.45008,-62.87807465,59.99999619,0.147860098,0.026169769,-83.84375,178.124845,0.021587849
689369740,0.103488662,11.00022,0.02244,0.462985968,0.04474,0.089484,0.09416,59.99999619,-32.59375381,51.81250381,-43.28125381,-42.96875381,,,0.00144,2.175102457,0.77374,0.77846,0.7789,,0.03638,-54.55454483,20,0.162503249,0.104543023,-67.90625,413.6908476,0.046300513
770268530,0.279545708,5.000100002,0.0121,0.546898997,0.047,0.185965,0.23061,210,-43.625,43.58749771,-56.60000229,-54.70000076,,,0.00104,1.354059407,0.60364,0.60594,0.69268,,,-71.90685312,160,0.082941291,0.091955967,-78.95000458,80.68119735,0.016099387
672298648,0.03699425,11.00022,0.04854,0.169507003,0.05514,0.086648,0.0919,110,-38.75,47.87500381,-52.84375381,-52.71875,-52.84375381,-49.53125,0.00088,1.170048993,0.725,0.72708,0.76834,0.76834,0.41084,-72.41770342,70,0.14310631,0.024637062,-90.15625763,149.218753,0.018801071
592518561,,2.000040001,0.01956,0,0.10162,0.01956,0.01956,130,-38.65625381,50,-54.46875,-54.3125,,,0.00114,1.599241902,0.61978,0.6227,0.62286,,0.01446,-64.09958677,90,-0.002156803,0.128522813,-80.71875763,139.8438364,0.028646936
737293859,0.226366818,7.000140003,0.02284,0.991332084,0.07426,0.15164,0.06437,70,-33.54375076,55.11875153,-42.82500076,-42.61875153,,,0.00176,2.799314284,0.63936,0.64514,0.64638,,0.02686,-63.25235621,50,0.150003,0.055989649,-87.06874847,314.9997592,0.054038695
695510714,0.050808073,6.000120002,0.12234,0.142056937,0.0709,0.166776,0.17746,150,-33.28125,49.18750381,-48.96875,-44.53125381,,,0.00088,1.223164876,0.76308,0.76538,0.7973,,,-71.77842395,110,0.1257168,0.045087162,-91.00000763,157.9688638,0.022648462
770581820,0.034251816,10.0002,0.06148,0.130342296,0.0586,0.094308889,0.09658,180,-38.74374771,46.35625458,-54.25,-54.24375153,,,0.00092,1.199782894,0.6488,0.65102,0.65106,,0.36106,-77.71125507,140,0.1650033,0.017658666,-87.09375763,115.3127626,0.017651922
701072579,0.073617894,10.0002,0.0406,0.281839763,0.03542,0.106811111,0.117,90,-40.78125381,47.09375381,-53.40625381,-53.28125,,,0.00142,2.25323846,0.5825,0.58666,0.58704,,0.08808,-61.72581645,50,0.1250025,0.060034245,-77.12500763,215.0568366,0.031262601
677087840,,2.000040001,0.05668,0,0.03942,0.05668,0.05668,130,-41.78125,40.59375,-57.93750381,-52.75000381,,,0.00078,1.088933703,0.6293,0.63116,0.66778,,,-75.26351118,90,0.123613593,0.110299982,-90.15625763,113.7500331,0.014561501
758311319,0.08733516,6.000120002,0.10746,0.210522002,0.0466,0.170344,0.17658,160,-36.95000458,44.45624924,-51.85000229,-46.63750076,,,0.001,1.384895609,0.62196,0.62466,0.6751,,,-70.28755951,119.9999924,0.125002484,0.061463866,-79.82499695,135.0000352,0.018935351
737133722,0.037300904,7.000140003,0.11612,0.117408781,0.09708,0.14714,0.15055,150,-35.70000076,42.48750305,-55.11875153,-55.10000229,,,0.00092,1.082236854,1.29464,1.29694,1.29706,,,-68.43881893,110,0.1300026,0.04312386,-79.57500458,156.7188203,0.035585011
592470570,,2.000040001,0.05596,0,0.12706,0.05596,0.05596,90,-42.81250381,33,-53.125,-52.96875,,,0.0014,1.780196878,0.7552,0.75888,0.75918,,0.06982,-68.91460864,40,0.072437346,0.050897419,-93.46875763,218.0287987,0.03327297
695503853,,2.000040001,0.01138,0,0.07826,0.01138,0.01138,310,-40.6875,53.90625,-56.81250381,-50.03125381,,,0.00112,1.73130953,0.66398,0.66706,0.8751,,,-72.07250929,260,0.050544489,0.057545181,-79,57.96867236,0.020847794
685815923,0.116383945,7.000140003,0.04694,0.29899589,0.04012,0.13346,0.1493,440,-41.5625,50.28125381,-51.03125381,-50.90625381,,,0.0011,1.871490519,0.55002,0.55374,0.55404,,0.07906,-66.86409531,400,0.034698969,0.188474089,-71.84375,32.96874836,0.020417478
576118003,0.121716618,6.000120002,0.06564,0.322081055,0.05056,0.181716,0.2112,290,-38.40625381,38.25000381,-50.90625381,-50.875,,,0.00096,1.197472763,0.58096,0.58318,0.5832,,0.56662,-73.04050908,249.9999847,0.117502331,0.024817826,-81.21875763,63.28111887,0.017241854
787088903,0.059196173,9.000180004,0.053,0.205203934,0.05218,0.104615,0.11115,90,-30.50000191,55.95000458,-49.71875381,-43.34999847,,,0.00096,1.352842898,0.80904,0.8118,0.86414,,,-64.51414559,50,0.197417737,0.043985333,-94.0375061,233.593896,0.035399896
592592047,,1.00002,,,0.0923,,,249.9999847,-37.5,39.8125,-56.46875,-56.37500381,,,0.00092,1.152207094,0.63598,0.63862,0.63878,,,-68.12120056,230,-6.21E-18,0.097708806,-76.84375,70.17048448,0.026261535
770544130,0.046867936,9.000180004,0.06248,0.167937824,0.07968,0.10856,0.11345,119.9999924,-30.13125229,10.89375114,-45.89999771,-38.43124771,-45.89999771,,0.00156,1.604169538,0.82656,0.83178,0.90568,0.90568,0.52006,-72.17944336,80,0.165003306,-0.063709907,-89.36875153,209.5313966,0.024918926
596052253,,1.00002,,,0.06382,,,170,-47.25000381,33.03125,-58.53125381,-55.84375,,,0.00078,1.153442466,0.63088,0.6329,0.67832,,,-80.41924679,130,0.135799583,0.033154078,-95.59375763,135.6770843,0.02040802
774631795,0.143887262,8.000160003,0.01136,0.37575266,0.03778,0.12306,0.13644,90,-40.10625076,55.49375153,-50.31250381,-46.38124847,,,0.00104,1.682989491,0.62882,0.63152,0.77426,,,-54.96520042,50,0.171555152,0.085783541,-62.73750305,95.62501311,0.025056727
750844594,0.028490585,11.00022,0.0574,0.130378582,0.0407,0.091866,0.09585,130,-35.38750076,48.20000458,-50.63750076,-48.16250229,-50.63750076,-46.63125229,0.00094,1.24984948,0.61364,0.616,0.6632,0.6632,0.58754,-67.14488316,90,0.1950039,0.130132243,-79.34999847,169.3748385,0.015954958
786497914,0.118294311,6.000120002,0.07788,0.281599678,0.04968,0.17582,0.19912,260,-45.72499847,48.5,-58.49375153,-57.31875229,,,0.00106,1.53429023,0.60938,0.61204,0.68664,,,-74.20201804,220,0.112933288,0.059283916,-82.0062561,73.68762791,0.015701236
576110705,,1.00002,,,0.07866,,,270,-35.65625,36.65625381,-56.84375381,-46.1875,,,0.0009,1.19152216,0.65274,0.65492,0.74022,,,-74.85403748,210,-2.21E-18,0.241312876,-83.34375,75.13020933,0.015390848
737279297,,2.000040001,0.01762,0,0.07952,0.01762,0.01762,110,-37.3125,35.60625458,-50.86875153,-50.80000305,,,0.00124,1.446150708,0.67962,0.68292,0.68328,,,-63.26803268,70,0.065243799,0.095101669,-72.8500061,132.6562762,0.026543657
595583049,0.040894105,13.00026001,0.03316,0.178339709,0.04856,0.0739,0.07904,150,-42.34375,18.34375,-56.25000381,-51.03125381,,,0.001,1.250119153,0.7919,0.7945,0.8731,,,-79.65168508,100,0.193767561,0.006605387,-96.43750763,146.8750685,0.01512575
737404007,0.146487851,5.000100002,0.10726,0.295689723,0.10048,0.20772,0.22947,160,-31.51874924,41.39374924,-55.90625,-55.83125305,,,0.0009,0.976431105,0.75426,0.75656,0.75668,,,-70.30720859,119.9999924,0.109484937,0.044694167,-81.0625,143.749997,0.040203763
832627736,0.074016076,13.00026001,0.02034,0.422062273,0.04048,0.077331667,0.09001,50,-38.22499847,50.30000305,-47.79999924,-47.57500458,,,0.00132,2.158576551,0.63684,0.64146,0.6423,,0.02806,-60.52047621,20,0.227031568,0.1203686,-104.0187454,336.8751407,0.045827041
737089415,0.070363204,7.000140003,0.08076,0.207172117,0.08172,0.134706667,0.14651,100,-30.75625229,43.03749847,-51.43125153,-51.26875305,,,0.0012,1.2396686,0.72966,0.73274,0.73312,,0.45516,-60.59009007,59.99999619,0.125002489,0.044607822,-76.76874542,208.7499499,0.049239799
770249773,0.040780097,11.00022,0.04608,0.17096961,0.08524,0.090842,0.0972,170,-33.36874771,38.04375076,-43,-42.79375458,,,0.0011,1.362801594,0.71862,0.72132,0.78224,,0.27084,-69.8099823,130,0.1850037,0.01170135,-79.90000153,128.124997,0.023250757
665694233,0.054354166,6.000120002,0.11822,0.137346474,0.08794,0.160252,0.1678,270,-35.68750381,52.43750381,-50.03125381,-48.12500381,-50.03125381,-46.21875381,0.00096,1.321389566,0.74208,0.74444,0.7925,0.7925,0.68394,-76.8039354,230,0.113353451,0.024623707,-85.21875763,72.34378904,0.012582272
732204543,,2.000040001,0.02194,0,0.0393,0.02194,0.02194,320,-35.46875381,52.06250381,-46.46875381,-46.37500381,,,0.00106,1.554050886,0.55666,0.55932,0.55928,,,-64.68614311,280,0.057544254,0.19589901,-73.09375763,75.31257719,0.018913714
774398998,,2.000040001,0.0597,0,0.05778,0.0597,0.0597,249.9999847,-41.70000076,40.86249924,-56.79375458,-51.78749847,,,0.00112,1.426081042,0.59836,0.6009,0.68664,,,-70.40572166,210,0.065001312,0.248389125,-75.38749695,82.34348148,0.018094401
695531184,0.136996102,7.000140003,0.0297,0.35225962,0.10678,0.13713,0.15979,200,-37.46875,50.5625,-51.78125381,-49.25000381,-51.78125381,,0.00104,1.417075059,0.7785,0.78084,0.8478,0.8478,0.4758,-81.25179969,160,0.126925615,0.014962663,-91.46875,72.96870649,0.01716865
695538825,0.043348203,8.000160003,0.07436,0.157663457,0.06672,0.116845714,0.12576,140,-37.68750381,43.43750381,-55.00000381,-50.5625,-55.00000381,,0.00102,1.261191057,0.73476,0.73748,0.7802,0.7802,0.66326,-74.55070305,100,0.145538625,0.046029016,-89.59375,120.7812056,0.018753767
571640515,0.033059583,13.00026001,0.04116,0.193625628,0.03292,0.075005,0.07852,90,-43.9375,42.09375381,-53.50000381,-53.15625381,,,0.0009,1.301717105,0.68672,0.68944,0.72948,,0.22136,-60.31038082,40,0.180675882,0.013197302,-81.78125,203.9064318,0.049743015
689312206,0.066482326,9.000180004,0.05032,0.231478916,0.06556,0.110495,0.12044,140,-31.40625,48.5625,-47.65625381,-46.46875381,,,0.00088,1.113171332,0.70378,0.70582,0.74376,,,-72.14518585,100,0.106026217,0.012113757,-89.06250763,162.5000685,0.025200181
793696178,,1.00002,,,0.0623,,,249.9999847,-44.1875,47.05625153,-59.07500458,-52.28749847,,,0.00096,1.614325924,0.64408,0.6471,0.70544,,,-67.97272873,210,0.014893919,0.261648774,-75.79374695,63.1249547,0.020594686
770650192,0.103155409,5.000100002,0.12108,0.215129142,0.0774,0.18202,0.19053,249.9999847,-40.78125381,38.71875381,-55.92499924,-55.88750076,,,0.00098,1.302658042,0.63998,0.64248,0.6426,,,-80.26981449,210,0.105002107,0.016833119,-87.25,91.87488258,0.02322692
642864546,0.041786029,8.000160003,0.07744,0.161083389,0.06306,0.121942857,0.12846,190,-39.37500381,48.62500381,-55.125,-52.96875,,,0.00098,1.33115638,0.69992,0.7022,0.75766,,,-74.33845164,130,0.090575582,0.031686533,-87.09375763,112.499997,0.024624151
700843431,0.047374971,4.000080002,0.22014,0.116887019,0.07958,0.260173333,0.26658,330,-38.84375,55.15625381,-51.06250381,-48.12500381,,,0.00124,1.986145142,0.67436,0.67778,0.76488,,,-70.62694332,290,0.056251125,0.055257674,-76.40625763,47.81265184,0.01661616
642867562,0.072819087,5.000100002,0.16664,0.166288375,0.0667,0.22802,0.24255,160,-39.21875381,45.3125,-54.59375381,-50.93750381,,,0.00128,1.721162228,0.65378,0.65714,0.72804,,,-66.01603985,119.9999924,0.068468433,0.13895978,-78.625,112.1093705,0.028661305
720845876,0.094590878,13.00026001,0.0129,0.47450862,0.05624,0.077271667,0.09518,59.99999619,-39,51.87500381,-44.68750381,-44.46875381,,,0.00138,2.361961627,0.97312,0.97782,0.97836,,0.01824,-69.12308248,20,0.128848729,0.027239537,-89.65625763,217.1876878,0.03590771
707828821,0.048826248,7.000140003,0.09044,0.152425176,0.07442,0.13668,0.14481,210,-45.65625381,39.34375381,-58.0625,-55.06250381,-58.0625,-54,0.00084,1.254873615,0.6509,0.6533,0.6937,0.6937,0.5589,-86.14813857,170,0.109342846,0.033531938,-97,78.90625298,0.015319189
676464358,0.079878505,11.00022,0.02688,0.324732115,0.05092,0.0881,0.09854,160,-41.8125,51.03125381,-52.84375381,-52.75000381,,,0.0009,1.202662488,0.63252,0.63476,0.63492,,0.81916,-73.87271396,119.9999924,0.162503246,0.044119243,-87.31250763,107.8123823,0.016480414
758704139,,1.00002,,,0.08122,,,280,-35.98125458,54.35625458,-48.61874771,-43.51875305,,,0.00108,1.480480066,0.64572,0.64828,0.7753,,,-65.07686361,239.9999847,0.01465546,0.094390556,-70.00624847,69.68745589,0.028711589
793523120,0.295880681,5.000100002,0.00704,0.5615124,0.05242,0.20366,0.25797,160,-38.50625229,50.90625381,-49.50000381,-49.47499847,,,0.00092,1.266755653,0.61884,0.62092,0.62096,,0.02322,-67.99467697,119.9999924,0.150002977,0.081040144,-79.98749542,108.6251438,0.019859118
654180530,,2.000040001,0.07162,0,0.07868,0.07162,0.07162,200,-45.03125381,47.53125,-59.28125381,-56.28125381,,,0.00098,1.438073877,0.67296,0.67554,0.76306,,,-78.87095337,160,0.075485392,0.006633982,-90.03125,103.906095,0.026651463
611630962,,1.00002,,,0.1094,,,190,-35.46875381,49.50000381,-49.4375,-48.1875,-49.4375,,0.00074,1.098177629,0.71432,0.71618,0.77212,0.77212,0.52516,-73.22004227,140,0.067963669,0.024430506,-87.18750763,129.8177689,0.025289733
732197486,0.146869925,10.0002,0.0111,0.445362522,0.03818,0.09902,0.12126,119.9999924,-40.71875381,51.75000381,-49.15625381,-49.0625,,,0.00116,1.899978468,0.57642,0.57954,0.57974,,0.0125,-63.69140667,80,0.11571661,0.136278331,-78.5,127.656132,0.02418505
695510684,0.044252919,9.000180004,0.06216,0.170362043,0.08542,0.1056725,0.11354,180,-38.4375,51.00000381,-53.34375381,-53.28125,,,0.00092,1.233745791,0.70846,0.71084,0.71098,,0.36054,-80.60597937,140,0.03699336,0.016682055,-93.15625763,107.0313603,0.017150757
732127660,0.136961573,9.000180004,0.01274,0.375561671,0.05782,0.10476,0.12274,100,-38.50000381,52.15625,-48.75000381,-48.65625,,,0.00098,1.380170907,0.65688,0.6593,0.65938,,0.6061,-68.81829224,59.99999619,0.104096909,0.031178974,-89.96875763,176.5626073,0.028524778
720845905,0.054114932,9.000180004,0.06276,0.188474583,0.038,0.110185,0.11425,150,-40.09375381,50.53125381,-48.15625381,-48.09375,,,0.00084,1.339041381,0.53902,0.54134,0.5414,,0.06276,-70.90122223,150,0.056665282,0.220074564,-80.25,159.3749821,0.0186353
732091715,0.13671554,10.0002,0.00924,0.453764336,0.06252,0.101102222,0.11914,150,-34.96875381,53.37500381,-42.84375,-42.75,,,0.00088,1.387311257,0.6415,0.6437,0.64366,,0.0131,-67.77949524,110,0.112561491,0.064267784,-80.34375,96.56264633,0.021374616
653825066,0.044007872,9.000180004,0.06622,0.164442894,0.0626,0.112785,0.11945,160,-39.90625381,43.68750381,-52.21875381,-51.25000381,-52.21875381,-49.71875381,0.00072,1.112545298,0.62806,0.63016,0.66452,0.66452,0.2644,-73.95317501,119.9999924,0.147331175,0.048922084,-87.53125,127.0312518,0.022327868
601958627,0.054259704,8.000160003,0.07882,0.170796203,0.06002,0.129722857,0.13792,190,-35.25,48.8125,-49.03125381,-45.43750381,,,0.00092,1.298026028,0.66144,0.66388,0.72194,,,-66.66747369,140,0.120554899,0.078932106,-80.18750763,116.7969033,0.018947897
732101760,,2.000040001,0.01454,0,0.085,0.01454,0.01454,300,-27.4375,63.21875,-35.37500381,-35.25,,,0.00112,1.821152956,0.65634,0.65938,0.6595,,0.02504,-55.20753765,260,3.38E-18,0.239874631,-60.90625381,54.37501892,0.019668882
767415408,,2.000040001,0.00828,0,0.05936,0.00828,0.00828,290,-44.17500305,51.10000229,-52.68750381,-52.66875458,,,0.00108,1.658059294,0.61776,0.62052,0.62066,,0.01672,-71.31798345,249.9999847,0.014458117,0.046876442,-75.3125,65.6248033,0.015804019
592544658,0.187325534,8.000160003,0.01214,0.526139522,0.05264,0.1173,0.1535,110,-54.71875,32.125,-67.06250763,-66.96875763,,,0.00092,1.369318679,0.65236,0.655,0.65512,,,-74.11864899,59.99999619,0.116980168,0.123464458,-92.71875763,138.2810473,0.033434361
813734955,0.170033066,9.000180004,0.01276,0.534776888,0.0657,0.105465,0.138,59.99999619,-31.67499924,52.06250381,-38.95000458,-38.71249771,,,0.00138,2.227653783,0.9289,0.93378,0.9346,,0.033,-66.07444064,20,0.172771311,0.047065005,-96.65625763,219.7813392,0.032082978
576140380,,1.00002,,,0.04754,,,249.9999847,-40.34375,39.34375381,-57.71875381,-50.18750381,,,0.00076,1.134832152,0.56752,0.56936,0.63348,,,-60.15919266,210,2.60E-18,0.170156792,-63.18750381,-18.74981076,0.017486287
770255570,0.973511706,3.000060001,0.00792,0.973511706,0.06108,0.299,0.299,239.9999847,-37.26874924,39.39375305,-44.35625458,-44.32500076,,,0.00132,1.612146089,0.6864,0.68946,0.68972,,0.01096,-65.21183183,200,0.050001008,0.082114525,-70.48750305,77.81238109,0.01719616
758306814,0.050248412,12.00024,0.03224,0.198263726,0.04768,0.079467273,0.08362,130,-37.96875,46.73750305,-51.38750458,-49.56250381,,,0.00098,1.292785529,0.66924,0.6716,0.73904,,,-70.35544872,90,0.2450049,0.062620878,-80.93125153,135.4688555,0.015335017
717075468,0.093882642,7.000140003,0.06116,0.269344392,0.04888,0.15304,0.17007,220,-43.43750381,39.84375381,-55.28125,-51.4375,,,0.00104,1.311988621,0.62786,0.6302,0.70678,,,-70.77242957,180,0.1100022,0.165662602,-79.59375763,72.65625149,0.015382706
686077948,0.976403666,3.000060001,0.00896,0.976403666,0.07062,0.37972,0.37972,440,-40.25000381,38.50000381,-54.21875381,-50.40625,,,0.00088,1.203153746,0.6532,0.65514,0.71906,,,-83.57339919,400,0.064287001,0.047715444,-98.96875,132.1092695,0.014303591
732477219,0.087506719,9.000180004,0.03082,0.271127636,0.07336,0.1058025,0.11696,130,-36.3125,47.84375,-50.78125381,-50.12500381,-50.78125381,,0.00104,1.400549603,0.696,0.69858,0.77758,0.77758,0.41556,-74.61694794,90,0.09714481,0.018697748,-91.84375763,144.6876079,0.02703678
650074923,0.068713575,11.00022,0.03394,0.300279606,0.03412,0.092986,0.10807,70,-43,33.37500381,-53.15625381,-53.03125,,,0.00168,2.056069999,0.58922,0.59374,0.59396,,0.19392,-58.62987518,29.99999809,0.200003991,0.128196657,-81.84375763,212.5001848,0.030143494
732089196,0.143645183,11.00022,0.00992,0.579441162,0.0434,0.08542,0.10129,100,-40.96875381,51.125,-43.53125,-43.43750381,,,0.00146,2.550919535,0.59194,0.59568,0.59594,,0.01056,-66.31724319,59.99999619,0.082329232,0.097069882,-85.5,149.6873796,0.030173116
760408934,0.045055612,16.00032001,0.02126,0.268632753,0.01846,0.060708,0.06612,80,-39.43750381,36.03125,-51.55625153,-51.31250381,,,0.00138,1.950426107,0.5929,0.59778,0.5986,,0.2232,-60.18279123,29.99999809,0.290660007,0.110404454,-93.45000458,358.4375083,0.037655057
732056436,,1.00002,,,0.12426,,,260,-26.93750191,57.03125,-39.875,-37.12500381,,,0.00104,1.362823497,0.67638,0.67876,0.75042,,,-59.27353745,220,0.0607155,0.079313472,-67.90625,78.28132063,0.017509571
793490523,0.032883595,8.000160003,0.09452,0.110010375,0.0821,0.12626,0.12966,150,-35.22499847,53.90000153,-51.75625229,-46.91875458,-51.75625229,,0.0009,1.419826486,0.72576,0.72888,0.77878,0.77878,0.5585,-70.14011459,110,0.131899182,0.026202163,-81.46250153,106.1561927,0.02322472
720838509,0.046658179,17.00034001,0.01778,0.248539529,0.02538,0.05933,0.0626,130,-50.875,35.78125381,-51.87500381,-51.81250381,,,0.001,1.457778877,0.54826,0.55086,0.55098,,0.03916,-79.55842532,90,0.16250325,0.062648423,-97.87500763,139.062494,0.016969209
674643148,,2.000040001,0.01002,0,0.05426,0.01002,0.01002,249.9999847,-37.71875,53.56250381,-47.34375381,-47.25000381,,,0.00108,1.674860707,0.60292,0.60576,0.60584,,0.0163,-64.13585004,210,0.025000499,0.094210252,-71,57.81231076,0.013998171
720850964,0.046660614,7.000140003,0.10724,0.144796236,0.08928,0.150996667,0.15976,180,-32.84375,51.25000381,-46.1875,-39.15625,-46.1875,,0.00084,1.313976008,0.66024,0.66308,0.71038,0.71038,0.29696,-76.34123993,140,0.100002,0.053135108,-89.625,132.8123659,0.015238373
758311025,0.499140278,4.000080002,0.01202,0.662296679,0.0483,0.13492,0.1709,180,-41.40625,51.13125229,-50.5625,-49.56250381,,,0.00112,1.505327232,0.59914,0.60188,0.75102,,,-71.03747559,130,0.081310037,0.056805253,-78.84375,96.8748033,0.018369594
758834873,0.081145526,8.000160003,0.05434,0.235165006,0.04622,0.121765714,0.12836,140,-36.56250381,44.27500153,-46.68750381,-46.00625229,,,0.00092,1.206813407,0.63066,0.63296,0.67754,,,-65.37401352,100,0.17155515,0.003408263,-75.80000305,141.1364824,0.018603993
786437712,0.119352784,9.000180004,0.00986,0.355659706,0.07008,0.115765,0.12902,310,-38.16249847,49.09375381,-47.74374771,-45.3125,,,0.001,1.400214745,0.76402,0.7664,0.86486,,,-70.32506839,270,0.184486448,0.004117204,-77.11249542,69.90630925,0.013233904
602234627,0.31274695,5.000100002,0.02518,0.522080383,0.0902,0.17688,0.21041,50,-42.1875,39.40625,-53.78125381,-52.71875,,,0.00122,1.878459688,0.67386,0.67778,1.19302,,,-65.39910126,29.99999809,0.181398973,0.091800153,-84.71875763,249.3304908,0.03330393
732782531,0.181517661,8.000160003,0.007,0.613001712,0.10262,0.110062857,0.14276,119.9999924,-44.1875,26.50000191,-53.28125,-53.15625381,,,0.00114,1.38169795,0.78704,0.7895,0.78958,,0.0093,-80.75178597,80,0.100324596,0.006418973,-99.71875763,136.4062428,0.0333697
689306796,0.317351668,5.000100002,0.00992,0.553103922,0.08318,0.21742,0.2799,200,-37.5,34.15625,-52.50000381,-47.28125381,,,0.0012,1.420361274,0.70774,0.71018,0.86178,,,-74.41318153,160,0.075148736,0.050565753,-85.28125,88.59363198,0.022770921
732080877,,2.000040001,0.00992,0,0.08146,0.00992,0.00992,280,-30.34375191,53.53125,-48.03125,-40.09375381,,,0.00104,1.525126497,0.7265,0.72934,0.81686,,,-63.5471989,239.9999847,0.040996076,0.077649824,-69.96875,55.78124896,0.020441988
793518028,0.070312487,10.0002,0.03354,0.245068911,0.05274,0.094122222,0.10446,180,-42.88750076,40.33125305,-55.61249924,-55.60000229,,,0.001,1.284736568,0.69234,0.6949,0.69504,,,-75.4174408,140,0.1950039,0.033490673,-87.59999847,103.9062068,0.014433895
758323387,0.040245891,9.000180004,0.06718,0.147731156,0.0524,0.1067425,0.11198,110,-39.95000076,47.35625076,-53.05625153,-53.05625153,,,0.00084,1.16173357,0.6453,0.64736,0.64734,,0.57174,-67.5009257,70,0.198043177,0.074466802,-80.31874847,157.3436707,0.01790842
717094580,0.070914451,16.00032001,0.01114,0.446543531,0.03572,0.060317333,0.07664,70,-39.875,53.00000381,-46.65625,-46.40625,,,0.00122,1.882716315,0.81404,0.81766,0.81838,,0.02148,-62.55676814,29.99999809,0.17019571,0.101364456,-83.81250763,189.062655,0.021128417
737279146,0.098020162,7.000140003,0.07014,0.265616317,0.08914,0.148366667,0.15999,180,-33.44374847,45.43124771,-52.85625076,-52.77499771,,,0.00084,1.022616255,0.6889,0.6911,0.6913,,,-77.29704762,140,0.1400028,0.040846325,-89.41875458,155.6251496,0.03235146
737988175,,2.000040001,0.01038,0,0.07082,0.01038,0.01038,190,-28.4375,60.47500229,-36.79999924,-36.77500153,,,0.00094,1.504634258,0.61776,0.62056,0.62054,,0.01622,-63.1259648,140,0.003133966,0.06247513,-71.29374695,124.6871874,0.023281584
794276651,0.210866926,7.000140003,0.01972,0.518350856,0.0702,0.12918,0.16509,90,-40.83750153,49.75000381,-55.04375458,-50.54375076,,,0.00114,1.813117833,0.69558,0.69918,1.47324,,,-66.99775226,50,0.144683741,0.127505884,-87.40000153,183.1860095,0.035210125
797977721,0.059522311,15.00030001,0.01848,0.413011529,0.03938,0.068447143,0.08467,70,-39.18750381,52.59375381,-49.27500153,-49.00624847,,,0.00136,2.176720841,0.63742,0.64208,0.64296,,0.03394,-63.37418725,29.99999809,0.240004794,0.088373177,-97.46250153,298.2626557,0.028306344
732048771,0.11493599,11.00022,0.00824,0.428314171,0.05496,0.087196,0.10131,110,-38.4375,45.90625381,-45.90625381,-45.90625381,,,0.00092,1.3445979,0.65192,0.65418,0.65418,,0.0143,-70.57157482,70,0.1471458,0.058830179,-90.09375763,167.96875,0.024741005
750842149,0.26672714,6.000120002,0.01924,0.625736798,0.0748,0.158824,0.22564,90,-49.41249847,36.33749771,-63.79999924,-61.59375381,,,0.00142,1.964961474,1.01866,1.02202,1.16196,,,-70.47546739,40,0.103316983,0.163910449,-81.96875763,162.499994,0.045717363
768903979,0.109112543,12.00024,0.01146,0.41265292,0.02694,0.085725455,0.10276,80,-36.63124847,44.48750305,-53.88124847,-48.90625,,,0.0013,1.787548533,0.66894,0.67236,0.87036,,,-64.82258333,29.99999809,0.218425415,0.048251882,-99.59999847,267.0312822,0.025729096
653824813,0.775866474,3.000060001,0.05264,0.775866474,0.05152,0.23486,0.23486,280,-36.15625381,47.65625381,-49.25000381,-49.18750381,,,0.00092,1.239297758,0.57138,0.57374,0.57382,,,-77.53795138,239.9999847,0.092501843,0.017850831,-86.96875763,80.93760908,0.01512133
695546514,0.082478555,7.000140003,0.06652,0.235965395,0.07404,0.131306667,0.14516,160,-41.25,42.53125,-55.31250381,-55.1875,,,0.00096,1.291767602,0.67622,0.67874,0.67898,,,-74.84736803,119.9999924,0.150002971,0.000159509,-88.40625763,112.9687056,0.027201592
595572593,,1.00002,,,0.04862,,,230,-39.625,26.09375191,-57.28125381,-56.25000381,,,0.00102,1.118952105,0.60096,0.60346,0.62714,,,-74.56837202,190,0.023414366,0.090505004,-84.59375,82.16145635,0.012761905
768866077,0.080733899,9.000180004,0.03702,0.258228013,0.06186,0.1152,0.12639,190,-37.70625305,50.20625305,-51.57500458,-46.87500381,-51.57500458,-44.58750153,0.00088,1.332411553,0.6605,0.6629,0.73514,0.73514,0.57416,-73.42060343,150,0.150003,0.037657797,-80.32499695,95.62472999,0.013855928
783615170,0.178056289,7.000140003,0.0129,0.408299338,0.05562,0.14359,0.16828,249.9999847,-41.04375076,53.81875229,-52.90000153,-51.77500153,,,0.00098,1.454234663,0.64356,0.64612,0.75618,,,-73.92635818,210,0.089034037,0.053053621,-85.07499695,30.99996969,0.016186646
737134060,,1.00002,,,0.102,,,190,-27.75000191,49.24374771,-49.11875153,-44.48125076,,,0.00124,1.556043141,0.72102,0.72448,0.79876,,,-62.08334004,150,-6.13E-19,0.113410383,-69.94999695,100.9374559,0.040632424
805766540,,2.000040001,0.0074,0,0.03518,0.0074,0.0074,210,-45.72499847,43.47500229,-58.22500229,-58.21250153,,,0.0009,1.209655897,0.58512,0.58718,0.58726,,0.0124,-72.22445361,170,-1.15E-17,0.083546378,-81.03125763,84.43510532,0.010120313
596917071,,2.000040001,0.01132,0,0.05412,0.01132,0.01132,249.9999847,-27.37500191,28.3125,-41.0625,-36.28125,-41.0625,,0.00134,1.530936949,0.64518,0.64892,0.71222,0.71222,0.51248,-54.89197556,210,-0.025000513,0.087733082,-63,58.46352503,0.015679682
770268132,0.277368407,6.000120002,0.00732,0.777017553,0.0639,0.182932,0.28748,210,-35.66875458,41.75624847,-43.20000076,-43.16875458,,,0.0011,1.422947083,0.60944,0.61194,0.61198,,0.0092,-63.75573397,170,0.1200024,0.115238294,-70.20000458,82.03124255,0.018532154
720828324,0.136984365,4.000080002,0.17248,0.217674245,0.07186,0.242566667,0.2553,180,-30.46875,50.25,-49.00000381,-44.56250381,,,0.00106,1.39534712,0.68528,0.68848,0.7353,,,-72.62413559,140,0.0885732,0.027164392,-86.96875763,162.6562774,0.021102694
700798753,0.040118712,7.000140003,0.10228,0.146255033,0.0915,0.143173333,0.1469,180,-40.87500381,34.40625381,-53.46875381,-48.5,,,0.00164,2.105701822,0.84318,0.84768,0.9167,,,-79.42748469,140,0.091966125,0.004927536,-93,138.4374648,0.024419359
758287364,0.052269282,10.0002,0.04806,0.208226987,0.05664,0.098011111,0.1057,150,-35.04999924,56.11250305,-47.76875305,-47.70624924,,,0.001,1.393488704,0.6505,0.6531,0.6532,,0.54526,-71.92970276,110,0.1700034,0.071479753,-81.93125916,128.90625,0.01818253
596898822,,2.000040001,0.34926,0,0.19868,0.34926,0.34926,170,-35.71875,51.34375381,-48.40625,-44.4375,-48.40625,-43.5625,0.0008,1.242045326,0.72372,0.72596,0.79274,0.79274,0.42266,-75.64661102,130,0.109798384,0.013973294,-90.59375763,124.6094331,0.02124198
700820972,0.06046936,3.000060001,0.37072,0.06046936,0.06924,0.39458,0.39458,310,-41.03125381,48.25,-57.90625,-51.21875,,,0.00092,1.350979903,0.69276,0.69522,0.75352,,,-76.3253535,270,0.076885534,0.084385745,-83.625,55.93749881,0.016834986
768891275,0.341811718,6.000120002,0.00648,0.754681104,0.05316,0.178796,0.27004,130,-37.54375076,53.30625153,-44.70625305,-44.68750381,,,0.00084,1.300491631,0.6122,0.61412,0.61408,,0.00806,-65.22532862,90,0.109484948,0.225810722,-78.27500153,112.499997,0.020902462
696106559,0.362980769,3.000060001,0.0106,0.362980769,0.042,0.01664,0.01664,260,-41.40625,53.125,-54.93750381,-54.90625381,,,0.001,1.488800388,0.5611,0.56362,0.56356,,0.0114,-68.30700779,220,0.069356226,0.065889984,-75.96875763,68.59374791,0.016190169
712886987,0.085708522,15.00030001,0.00748,0.394864337,0.03914,0.066881429,0.07804,90,-44.06250381,38.81250381,-51.78125381,-51.78125381,,,0.00094,1.301144985,0.60312,0.60524,0.60524,,0.0255,-64.64753215,50,0.216283395,0.202884704,-80.53125763,156.2501043,0.023769803
732773423,,1.00002,,,0.08666,,,220,-37.09375,50.28125381,-54.21875381,-48.59375381,,,0.00094,1.379643769,0.69746,0.69978,0.79716,,,-65.63850975,180,0.054858917,0.11799375,-72.21875,50.93749985,0.026839331
591442353,0.073685588,6.000120002,0.1114,0.183505609,0.08508,0.164284,0.16646,110,-40.81250381,47.3125,-50.5,-47.34375381,-50.5,-44.4375,0.00082,1.249802328,0.65776,0.65994,0.7088,0.7088,0.23752,-69.78947186,59.99999619,0.090952998,0.016332656,-90.34375,161.9791687,0.030955047
592531937,0.059055013,13.00026001,0.02584,0.354818513,0.02318,0.076355,0.08877,70,-36.53125,40.15625381,-51.4375,-51.375,,,0.0015,2.164758106,0.57782,0.58226,0.58246,,0.03976,-57.33069272,29.99999809,0.165220693,0.040968798,-86.21875,571.8747973,0.048135237
732095848,0.216475716,6.000120002,0.01918,0.443396827,0.08682,0.142952,0.16266,130,-40.28125,46.78125381,-56.50000381,-51.21875,,,0.00098,1.457882621,0.84466,0.84712,0.93008,,,-75.40200233,90,0.109389954,0.035177719,-89.21875,104.5311689,0.023895852
737795448,0.284111333,7.000140003,0.00628,1.253011512,0.05748,0.118533333,0.02359,130,-40.29999924,49.76875305,-47.18750381,-47.14374924,,,0.0009,1.402294053,0.6184,0.62068,0.62078,,0.00788,-63.87797546,90,0.1150023,0.122529902,-71.33124542,99.37476367,0.024300573
758785479,0.287012386,5.000100002,0.01614,0.564044393,0.04952,0.1807,0.20544,170,-42.92499924,43.28750229,-55.77500153,-55.71875381,,,0.00102,1.365933126,0.60552,0.6081,0.6082,,,-69.00837453,119.9999924,0.088786811,0.010517989,-77.01250458,93.72169524,0.027892663
767421958,0.200573066,3.000060001,0.00558,0.200573066,0.04912,0.00698,0.00698,170,-28.12500191,41.86875153,-33.90625,-33.87500381,,,0.00106,1.344636884,0.61978,0.62202,0.62208,,0.00682,-52.12072372,130,0.029310931,0.15537703,-58.46875,88.43754977,0.01633205
768860839,0.204131014,8.000160003,0.00674,0.57563069,0.0509,0.11932,0.15864,90,-38.80624771,43.54999924,-46.39375305,-46.38124847,,,0.00094,1.354168996,0.7211,0.7233,0.72328,,0.01114,-66.08115339,50,0.170003396,0.13151373,-83.59999847,160.3749841,0.021178137
652075387,,1.00002,,,0.06684,,,350,-42.6875,40.4375,-62.28125381,-55.75,,,0.00094,1.319777224,0.62076,0.62344,0.6859,,,-76.5763092,310,-1.82E-18,0.145795614,-82.21875,49.53136295,0.017361687
596049412,,1.00002,,,0.09306,,,140,-50.03125381,26.21875191,-59.28125381,-58.28125381,,,0.001,1.363040219,0.58548,0.5882,0.6536,,,-68.93599116,90,0.071301876,0.179082394,-81.59375,95.76931596,0.020840109
674635802,0.232863902,5.000100002,0.0692,0.431914101,0.05548,0.21914,0.24877,620,-33.34375,46.03125,-41.40625,-41.40625,,,0.00098,1.434184616,0.5788,0.58136,0.58136,,,-75.36916055,580,0.049460449,0.032258999,-80.53125763,30.78121133,0.01918214
738027216,0.076339654,16.00032001,0.01138,0.526146797,0.05874,0.060306667,0.05084,59.99999619,-50.89374924,34.40625381,-61.06875229,-60.92500305,,,0.00128,1.936808045,0.76184,0.76566,0.76618,,0.01944,-77.21232834,20,0.280005605,0.033087451,-102.6125031,352.4150252,0.050821817
770337117,0.127405974,9.000180004,0.01048,0.352910095,0.0507,0.1173875,0.1302,230,-38.19375229,49.03125381,-48.76875305,-48.68125153,,,0.00094,1.34088338,0.60738,0.60986,0.60996,,,-67.11476994,190,0.165003343,0.065271087,-72.44999695,64.84374404,0.015792716
758967664,0.381567226,4.000080002,0.0258,0.659997288,0.08192,0.278713333,0.35242,130,-38.29375458,50.38750076,-54.35625458,-49.10625076,,,0.00106,1.480346733,0.73132,0.73422,0.85146,,,-69.3105757,90,0.088794879,0.034920584,-79.30000305,130.9373826,0.035663322
689354505,0.376199616,3.000060001,0.0065,0.376199616,0.05498,0.01042,0.01042,110,-38.75,52.34375381,-48.37500381,-48.1875,,,0.001,1.530402402,0.72104,0.72362,0.72376,,0.01314,-63.35624552,70,0.056205504,0.165929779,-74.96875763,117.3438206,0.022916026
721570928,0.963404772,3.000060001,0.00724,0.963404772,0.03096,0.19784,0.19784,300,-41.43750381,41.53125381,-47.0625,-47.0625,,,0.0009,1.233467431,0.54174,0.5437,0.5437,,,-68.56930627,260,0.0914304,0.026533864,-77.65625763,91.25007689,0.016830325
695557325,0.029696384,12.00024,0.04848,0.178917183,0.06658,0.077334545,0.08118,100,-41.37500381,36.625,-55.09375381,-53.90625,-55.09375381,,0.00094,1.168317212,0.8918,0.894,0.94484,0.94484,0.52606,-74.56518097,59.99999619,0.179505958,0.005793704,-94.00000763,158.7501168,0.022273417
685806296,0.085189796,7.000140003,0.06458,0.25591613,0.05744,0.130063333,0.13895,200,-39,51.06250381,-50.31250381,-50.25,,,0.00096,1.329774952,0.6066,0.60898,0.60896,,,-70.47948162,160,0.071932575,0.034409784,-82.71875,107.0313603,0.020851434
596036386,,1.00002,,,0.06176,,,410,-41.21875,41.12500381,-55.00000381,-51.09375381,,,0.00088,1.268105092,0.6004,0.60266,0.68506,,,-73.45286463,370,0.075267475,0.094572522,-78.9375,43.88020933,0.01339999
758319675,0.036654835,12.00024,0.03918,0.178846608,0.0416,0.080221818,0.08304,140,-40.56874847,48.32500076,-53.46250153,-53.42500305,,,0.00084,1.176480679,0.6655,0.66776,0.6679,,0.55288,-71.37580338,100,0.227664116,0.01414907,-81.93750763,142.8125352,0.014077109
758661907,0.128164208,5.000100002,0.10978,0.256584904,0.08868,0.185345,0.19584,130,-36.6875,51.60000229,-52.84375381,-51.9375,,,0.00088,1.240411212,0.81218,0.81486,0.86698,,,-71.49226828,90,0.137385925,0.042368118,-83.70000458,125.7588267,0.027969552
786520736,,2.000040001,0.01348,0,0.04508,0.01348,0.01348,230,-34.68124771,58.27499771,-47.52500153,-45.54999924,,,0.00112,1.654965118,0.59252,0.59538,0.71824,,,-59.52895529,190,0.015000305,0.031307351,-67.28125,58.75908583,0.016674803
767061006,0.290733606,4.000080002,0.10642,0.441142178,0.10862,0.279486667,0.34764,249.9999847,-37.37500381,54.23750305,-49.79375458,-49.40000153,,,0.00096,1.416060582,0.63142,0.63422,1.49962,,,-65.89196472,200,0.070903057,0.051593203,-71.08750153,62.8907159,0.019680762
720795676,0.157818551,5.000100002,0.09444,0.312355129,0.07158,0.198255,0.22262,190,-40.71875381,47.71875381,-58.75000381,-53.90625,,,0.00094,1.282881423,0.69878,0.70132,0.781,,,-74.16038444,150,0.0864303,0.036357846,-83.34375,76.09367371,0.01956784
592535960,0.454387159,4.000080002,0.08072,0.741141085,0.06482,0.284746667,0.19812,70,-32.65625381,47.6875,-49.78125,-48.40625,,,0.00152,2.204801304,0.68346,0.68894,0.74876,,,-53.79098077,29.99999809,0.072568361,0.071515583,-88.43750763,301.0416031,0.077866068
770466547,,2.000040001,0.0087,0,0.05262,0.0087,0.0087,270,-38.125,53.86249924,-51.53125,-47.75000381,,,0.00104,1.507500715,0.63126,0.6339,0.73646,,,-63.4741834,230,0.040518043,0.103170224,-67.70625305,59.84363332,0.015505199
774378831,0.053531678,6.000120002,0.12028,0.151522241,0.07414,0.170872,0.18018,130,-34.26875305,46.98125458,-52.78750229,-43.93124771,,,0.0011,1.563075349,0.82288,0.82596,0.9015,,,-65.3619957,90,0.1150023,0.033590052,-75.4375,127.8123856,0.024454012
737191617,0.02534505,12.00024,0.06124,0.136218827,0.0821,0.081574545,0.08188,100,-38.73750305,38.28750229,-57.53125381,-57.48125076,,,0.00078,0.977401143,0.74,0.74204,0.74216,,0.2555,-70.67846002,59.99999619,0.225004482,0.012884847,-92.17500305,252.9687881,0.055525651
786448011,0.128590189,6.000120002,0.06814,0.307019009,0.08464,0.173588,0.19662,230,-39.75624847,51.34375381,-51.66875076,-48.84375381,,,0.00102,1.50718109,0.68442,0.68714,0.7718,,,-74.45661087,190,0.105002127,0.014632729,-82.90000153,77.53124088,0.017285889
758522739,0.268279951,3.000060001,0.19624,0.268279951,0.10284,0.26819,0.26819,130,-49.19375229,46.39375305,-58.88125229,-58.85625076,,,0.001,1.404660962,0.6039,0.60638,0.60654,,0.19624,-71.96927699,130,0.000860849,0.007331484,-79.86875916,122.3010644,0.02589208
770320403,0.132029919,7.000140003,0.0412,0.328169997,0.04232,0.148623333,0.166,170,-42.91250229,31.89375305,-56.70625305,-56.68750381,,,0.00116,1.265594765,0.5947,0.59718,0.59716,,,-71.33279588,130,0.1550031,0.119834751,-79.86875916,118.7499985,0.018978156
695521496,0.077246389,6.000120002,0.09236,0.196056477,0.08704,0.150368,0.1637,200,-29.12500191,54.21875381,-41.50000381,-40.84375,,,0.00088,1.20670928,0.7396,0.74172,0.79558,,,-70.59045938,160,0.094829481,0.011293477,-86.37500763,138.906166,0.028218504
674613868,0.07467551,8.000160003,0.0556,0.23714375,0.07006,0.119554286,0.13238,180,-38.90625,47.40625381,-53.4375,-53.40625381,,,0.0008,1.145826423,0.65522,0.65734,0.65736,,,-78.04061661,140,0.10560556,0.02679313,-91.12500763,104.3749973,0.018337974
665711421,,2.000040001,0.69576,0,0.28734,0.69576,0.69576,130,-50.03125381,35.5,-65.125,-62.65625381,-65.125,,0.00102,1.276856635,0.78846,0.7909,0.84754,0.84754,0.69576,-87.8669548,130,0.143752875,-0.00631807,-99.03125763,91.40624851,0.022340904
774421971,0.174437954,8.000160003,0.01424,0.507875214,0.04348,0.122114286,0.15682,119.9999924,-47.91875076,47.29999924,-56.69375229,-56.60625076,,,0.00102,1.59864654,0.579,0.58198,0.58222,,,-70.45285238,80,0.162715126,0.137995616,-82.89375305,131.0155839,0.020011294
737424138,,2.000040001,0.04728,0,0.08222,0.04728,0.04728,150,-40.02499771,53.00000381,-50.79375076,-50.66875458,,,0.00116,1.649923826,0.62642,0.62972,0.63,,,-67.77429835,110,0.05445364,0.052412059,-74.97499847,106.2499955,0.029537252
758834763,0.083742336,5.000100002,0.10678,0.25521274,0.07806,0.18137,0.1952,160,-42.78125381,35.82500458,-55.80624771,-55.70000458,,,0.00116,1.394793681,0.7093,0.71242,0.71282,,,-68.14783119,110,0.086292046,0.018560132,-77.23750305,106.6666245,0.043366347
689300515,0.025486274,13.00026001,0.04564,0.139043959,0.05988,0.075736667,0.07781,150,-31.93750191,46.56250381,-49.03125381,-48.96875,,,0.001,1.159314403,0.69848,0.70096,0.7012,,0.22298,-70.50066787,110,0.116381638,0.023430578,-88.78125,141.5624171,0.019345237
758312428,0.080154186,9.000180004,0.04082,0.263673078,0.03614,0.1177,0.1316,70,-33.43125153,55.60000229,-50.46249771,-44.91875458,,,0.00126,2.008863045,0.71446,0.71944,0.78624,,,-59.83201631,29.99999809,0.185003695,0.10025543,-84.75000763,296.890825,0.032127188
774356586,0.153406864,9.000180004,0.01204,0.487094602,0.04218,0.1111925,0.13743,150,-44.16250229,47.13750076,-54.30000305,-50.97500229,,,0.00108,1.654328685,0.60134,0.60436,1.4341,,,-67.38033447,110,0.199141908,0.100718416,-74.51250458,100.7386222,0.01473581
602165643,0.034937135,9.000180004,0.0707,0.165774234,0.07908,0.112535,0.11797,130,-40.59375,36.56250381,-58.18750381,-57.96875381,,,0.00076,1.027451013,0.76156,0.76396,0.76418,,,-80.49623571,80,0.102107305,0.023755906,-101.3437576,190.3646141,0.028268517
591422046,0.039737712,8.000160003,0.08622,0.148423104,0.07204,0.113134286,0.11462,110,-48.28125381,34.15625,-60.9375,-58.68750381,-60.9375,-57.59375,0.00088,1.235567556,0.67936,0.68182,0.72656,0.72656,0.3233,-79.15137247,70,0.136041682,0.025721211,-101.21875,197.395891,0.03267564
758816905,0.288698811,5.000100002,0.01,0.54778824,0.0761,0.17569,0.22582,190,-40.36875153,42.08749771,-47.6875,-47.6875,,,0.00118,1.528494226,0.6689,0.67172,0.6717,,0.02226,-69.87872399,150,0.088794879,0.032761272,-77.05625153,100.6248444,0.022699285
732765244,0.118296355,11.00022,0.011,0.416374192,0.04584,0.091202,0.10827,140,-37.84375381,51.18750381,-46.46875381,-46.4375,,,0.0011,1.673233752,0.5735,0.57616,0.5761,,0.01416,-67.23491001,100,0.0821445,0.024942741,-89.15625763,185.0000322,0.036514962
720834255,0.12962103,4.000080002,0.08068,0.62657166,0.04154,0.218933333,0.1702,190,-35.5625,46.96875,-50,-46.84375381,,,0.00082,1.172351137,0.58218,0.58426,0.62828,,,-75.28085813,150,0.113985331,0.052908245,-85.93750763,107.6563597,0.0134623
695496410,0.151704025,8.000160003,0.01116,0.374990115,0.07854,0.129125714,0.14838,180,-39.46875,42.75,-53.34375381,-46.93750381,,,0.00104,1.478507488,0.78032,0.78272,0.94314,,,-76.36755371,140,0.111242535,0.030427609,-88.59375,106.2499955,0.022966804
591337939,,2.000040001,0.71764,0,0.08266,0.71764,0.71764,210,-44.21875381,38.71875381,-61.68750381,-53.90625,,,0.00094,1.295462672,0.71386,0.71626,0.79086,,,-81.70276014,170,0.016410586,0.022317102,-91.84375763,90.62496573,0.019198489
737820113,,1.00002,,,0.06934,,,230,-34.73750305,41.50000381,-52.05624771,-45.76875305,,,0.00078,1.144362293,0.65062,0.65296,0.69508,,,-77.60504341,190,0.015000301,0.014098013,-86.91874695,124.2185533,0.02640797
770254746,0.33840175,6.000120002,0.0086,0.751086444,0.0638,0.161176,0.23808,119.9999924,-34.16875458,55.23750305,-42.38124847,-42.35000229,,,0.00094,1.482978472,0.69638,0.69878,0.69874,,0.017,-60.06331177,80,0.12414042,0.12911357,-73.92499542,118.5157374,0.027163159
541557101,,2.000040001,0.01274,0,0.08512,0.01274,0.01274,260,-40.81250381,42.1875,-56.12500381,-48.75000381,,,0.00082,1.239497946,0.66374,0.66566,0.76868,,,-70.44188831,220,0.021536952,0.043155834,-77.59375,52.99479142,0.021539796
677099014,,1.00002,,,0.04858,,,150,-49.9375,40.81250381,-62.87500381,-57.87500381,,,0.0007,1.114488248,0.56986,0.57152,0.63012,,,-73.20829337,119.9999924,0.083668339,0.244968429,-83.40625763,92.50003844,0.014719412
680581009,,1.000005,,,0.13824,,,150,-37.84375381,40.31250381,-52.09375,-50.5,,,0.000835,1.014312798,0.63949,0.6417,0.68026,,,-76.7431427,150,0.118750594,0.028626638,-89.90625,106.4063981,0.015340166
770401953,0.080568,7.000140003,0.07492,0.242508395,0.03972,0.148613333,0.16387,130,-39.46875,51.39999771,-56.00625229,-53.20624924,,,0.00098,1.279681933,0.64232,0.64484,0.6903,,,-67.29700947,90,0.1400028,0.133177206,-77.84999847,140.9374177,0.018174574
770658533,0.030242947,10.0002,0.06576,0.130255839,0.0744,0.092586667,0.09564,140,-40.75,43.02499771,-58.40625381,-54.26875305,,,0.00084,1.139832311,0.85416,0.85638,0.8964,,,-84.48089695,100,0.210004188,0.003844521,-94.90625763,135.1564378,0.014436849
732113347,0.326339986,6.000120002,0.0076,0.732499163,0.07666,0.152312,0.23294,170,-33.21875381,49.50000381,-43.81250381,-43.78125,,,0.00098,1.364380388,0.69758,0.6998,0.69974,,0.00892,-66.59461403,130,0.077218937,0.062045522,-77.34375763,92.34374762,0.023054039
666155743,,2.000040001,0.06838,0,0.04128,0.06838,0.06838,140,-38.50000381,43.9375,-50.43750381,-48.93750381,,,0.0011,1.379647118,0.59842,0.60158,0.6465,,,-65.60210037,100,0.091843942,0.043733895,-75.56250763,132.8125,0.02009891
716918793,0.046165617,8.000160003,0.0823,0.1572399,0.10112,0.126942857,0.13584,119.9999924,-33.8125,40.25000381,-51.375,-48.46875381,,,0.00098,1.246475322,0.87744,0.88048,0.93942,,,-74.42041931,80,0.108573609,0.022700889,-92.5,148.5937089,0.026628215
770466500,0.06219128,6.000120002,0.1018,0.169964802,0.1025,0.152676,0.16816,220,-37.82500458,46.41875076,-52.36874771,-47.93125153,,,0.00102,1.497995544,0.81082,0.81356,0.8753,,,-79.12970066,180,0.115002328,0.006908596,-85.71250916,80.31272143,0.018660239
758285390,0.021814431,14.00028001,0.04584,0.133132355,0.04916,0.072436923,0.07636,80,-40.83750153,40.59375,-58.58125305,-54.27499771,,,0.00082,1.108128712,0.9597,0.96188,0.99814,,,-73.5864502,40,0.287239781,0.025230762,-90.18125153,207.4998766,0.016942774
569835791,,2.000040001,0.42408,0,0.17658,0.42408,0.42408,150,-42.59375,43.59375381,-57.34375,-51.78125381,,,0.00082,1.264910917,1.01676,1.01918,1.0957,,,-80.31109068,110,0.073351719,0.0557427,-92.84375763,113.4114563,0.021479582
793433601,0.050695854,8.000160003,0.07944,0.184287408,0.07814,0.12728,0.13342,160,-39.08124924,42.60000229,-52.92500305,-48.98125458,-52.92500305,-47.49374771,0.00086,1.231726091,0.69634,0.69882,0.76714,0.76714,0.66152,-75.25910034,119.9999924,0.135002685,0.025870156,-88.77500916,112.1874601,0.021209477
805782225,0.043985774,8.000160003,0.07354,0.151029486,0.09368,0.115565714,0.1229,140,-31.56875038,44.23125458,-45.01875305,-43.95624924,,,0.00094,1.156644927,0.87364,0.87578,0.93228,,,-63.22877922,100,0.165003292,0.022439072,-79.16875458,140.0938332,0.028647505
783585520,0.045455724,8.000160003,0.08482,0.144044985,0.08312,0.127237143,0.13332,280,-36.88750458,51.89375305,-50.06875229,-47.05000305,-50.06875229,-45.83749771,0.00104,1.457440483,0.71756,0.72022,0.78036,0.78036,0.76828,-75.05371628,239.9999847,0.135002671,0.044210933,-82.5,70.8437711,0.015489359
768848080,0.094609946,6.000120002,0.08454,0.24351165,0.05558,0.164448,0.18196,360,-35.47500229,51.73750305,-47.51250076,-44.86874771,,,0.0008,1.180151234,0.61914,0.621,0.69752,,,-70.09313202,320,0.1150023,0.112385482,-76.30000305,51.84383318,0.01411052
716928764,0.038600668,8.000160003,0.08432,0.143523968,0.09318,0.126477143,0.13414,119.9999924,-40.15625381,37.71875,-55.75,-52.40625,-55.75,,0.00084,1.156562146,0.75026,0.75264,0.81964,0.81964,0.50988,-78.42978134,80,0.12285961,0.011417682,-96.87500763,147.8125006,0.028666882
758286181,0.065260697,11.00022,0.02716,0.234196687,0.05184,0.08608,0.09111,160,-39.13750076,51.26875305,-51.48125458,-48.34375,,,0.0009,1.242100968,0.71184,0.71402,0.77088,,,-72.38615078,119.9999924,0.236211601,0.066884473,-81.40000916,124.0627244,0.015900529
720864592,0.040302787,14.00028001,0.0304,0.183725907,0.04914,0.0717,0.07742,100,-43.375,40.96875381,-58.21875,-52.40625,-58.21875,-51.40625381,0.00076,1.169581541,0.67642,0.67854,0.73458,0.73458,0.2335,-80.66189384,59.99999619,0.170717697,0.021370631,-96.84375763,124.3749559,0.012575409
596894371,0.058328911,10.0002,0.04784,0.295638185,0.02908,0.101453333,0.11102,50,-40.84375,38.71875381,-54.50000381,-54.28125381,,,0.00174,2.402868137,0.70338,0.70998,0.7107,,,-54.6056902,10,0.168580546,0.036254141,-92.43750763,335.396558,0.052993042
770611279,0.237037037,3.000060001,0.00618,0.237037037,0.0391,0.0081,0.0081,220,-36.00000381,34.05000305,-42.51874924,-42.51874924,,,0.00112,1.376765806,0.5786,0.581,0.581,,0.0075,-63.43283335,180,0.076725683,0.071137756,-69.36875916,88.28143775,0.011792529
712889217,0.126166974,6.000120002,0.06244,0.317168898,0.04402,0.156316,0.18092,150,-40.40625381,42.00000381,-52.84375381,-50.71875,,,0.00068,1.05106314,0.61986,0.62176,0.66036,,,-64.36237907,100,0.140829263,0.226218477,-77.00000763,121.5626076,0.016473726
767160451,0.04475475,6.000120002,0.13058,0.132632816,0.0802,0.173008,0.18166,190,-34.39374924,48.66875458,-49.38750458,-48.38124847,-49.38750458,,0.00104,1.410225797,0.71848,0.72146,0.785,0.785,0.52622,-64.46716919,150,0.085108085,0.040552016,-71.58125305,96.09393775,0.02743003
737294035,0.053601796,6.000120002,0.12628,0.155157333,0.09868,0.17642,0.19432,170,-35.13124847,45.26250458,-53.91875458,-53.86875153,,,0.00096,1.176047186,0.7785,0.78102,0.7811,,,-69.30552673,130,0.119120029,0.051698178,-80.4750061,145.3126818,0.042708034
720827966,0.093972068,6.000120002,0.0837,0.245673839,0.07282,0.156452,0.17588,190,-43.28125381,42.31250381,-56.28125381,-50.62500381,-56.28125381,,0.00088,1.404380737,0.67602,0.67874,0.7375,0.7375,0.61314,-79.99676192,150,0.094305684,0.073593885,-91.375,77.94484496,0.022557661
794208661,,2.000040001,0.01416,0,0.0766,0.01416,0.01416,200,-44.71249771,39.96875,-58.40000153,-52.40625,,,0.00096,1.411911127,0.64816,0.65078,0.74142,,,-80.61003598,160,0.0350007,0.068972118,-92.2562561,98.47354889,0.026230797
680581258,0.098196399,5.000025,0.104255,0.217298136,0.06184,0.1669975,0.1864775,180,-42.31250381,46.40625,-57.53125381,-55.21875381,,,0.00075,1.096126529,0.671035,0.67295,0.711,,,-85.39441342,140,0.003832772,0.038191937,-96.93750763,87.03109622,0.008425261
786443952,0.029328149,17.00034001,0.02702,0.184933749,0.03004,0.05863,0.06302,50,-38.00000381,47.91875076,-52.28749847,-50.91875458,,,0.00136,1.962149761,0.839,0.84464,0.90722,,,-60.04196777,10,0.316721877,0.046453528,-100.3375092,379.8436522,0.042740021
770275508,0.053198045,11.00022,0.03846,0.205613603,0.057,0.08981,0.09464,160,-39.86250305,47.81874847,-53.63124847,-50.96875,,,0.00086,1.243768146,0.69202,0.69432,0.75,,,-77.29830647,119.9999924,0.195003883,0.007704247,-86.51875305,122.187607,0.01641383
696111513,0.211009174,3.000060001,0.00602,0.211009174,0.0739,0.00763,0.00763,440,-30.90625,52.84375381,-38.81250381,-38.71875381,,,0.00094,1.370599082,0.61032,0.6123,0.6122,,0.00606,-66.92921517,400,0.037106004,0.045163292,-73.5,57.34367296,0.022647499
732150053,0.134993544,10.0002,0.00942,0.393678278,0.07236,0.099602222,0.11726,150,-24.37500191,55.90625,-34.53125,-34.53125,,,0.00092,1.313686028,0.75726,0.7595,0.7595,,0.02256,-63.21268047,110,0.101567247,0.007414137,-73.25,85.31264961,0.018729789
783585664,0.07300864,7.000140003,0.0737,0.217183331,0.0644,0.129553333,0.13748,119.9999924,-37.94375229,46.23750305,-56.44375229,-52.06875229,,,0.001,1.435927712,0.7678,0.77156,0.82676,,,-71.33327789,80,0.145002906,0.026341708,-89.08750916,144.7188109,0.028648961
695517029,0.088649105,7.000140003,0.07326,0.25886525,0.07322,0.14813,0.16052,190,-43.53125,45.875,-57.00000381,-55.09375381,,,0.00084,1.185534478,0.73146,0.7336,0.7755,,,-81.33799362,150,0.127300596,0.018709619,-93.28125763,103.7499607,0.022797629
732170598,,2.000040001,0.04068,0,0.05652,0.04068,0.04068,340,-34.125,56.78125,-46.28125381,-46.28125381,,,0.00096,1.384248857,0.56278,0.56504,0.56488,,0.02682,-61.1671229,300,0.03750075,0.204496726,-67.87500763,90.96960723,0.019070332
758305312,0.087273652,11.00022,0.02332,0.330026705,0.03822,0.09021,0.10322,50,-36.70624924,45.32500458,-50.91249847,-50.70000076,,,0.00132,1.90597337,0.69084,0.69538,0.69634,,0.06144,-60.53354959,10,0.203459793,0.097692326,-90.95624542,305.2146733,0.036378557
596069195,,1.00002,,,0.08176,,,150,-54.15625,17.40625191,-62.90625,-58.53125381,,,0.0009,1.260561367,0.60054,0.60278,0.66694,,,-81.21772695,110,0.14505445,0.008418273,-94.84375,126.6927719,0.013040584
665713792,0.035297229,8.000160003,0.08726,0.123172099,0.08348,0.124254286,0.1296,230,-37.46875,45.78125,-52.40625,-49.78125,-52.40625,-48.25,0.00098,1.342702369,0.70056,0.703,0.74702,0.74702,0.39356,-80.61459656,190,0.10821645,0.050025109,-90.4375,81.40628785,0.011920943
768899634,0.45950277,3.000060001,0.2361,0.45950277,0.06852,0.43682,0.43682,180,-26.93124962,51.95000458,-49.4375,-41.56874847,,,0.00092,1.261415419,0.6723,0.67476,0.72204,,,-71.62437668,140,0.0700014,0.007487494,-84.79999542,112.500146,0.01605444
798257712,,2.000040001,0.01094,0,0.0392,0.01094,0.01094,200,-37.00625229,59.49375153,-49.18124771,-46.15625381,,,0.00096,1.550795436,0.61018,0.61294,0.68838,,,-56.88656203,160,0.019149319,0.204271883,-63.71875,61.65616959,0.012614639
786508339,0.035690979,11.00022,0.04956,0.166353215,0.07114,0.086584,0.09186,130,-40.16875076,47.28750229,-52.10000229,-47.76250076,-52.10000229,-46.65625,0.00088,1.309690746,0.73862,0.74096,0.80212,0.80212,0.32974,-81.2169134,90,0.1850037,0.037459783,-97.48750305,127.9502362,0.01737089
569860104,,1.00002,,,0.14542,,,249.9999847,-31.00000191,49.9375,-51.00000381,-46.1875,,,0.00104,1.420903506,0.64654,0.6494,0.71496,,,-68.67842102,249.9999847,0.004000016,0.055894312,-75.90625763,62.5000298,0.015225936
783624413,,1.00002,,,0.25304,,,160,-36.60625076,56.92500305,-53.10625076,-48.06250381,,,0.00092,1.349724752,0.884,0.8868,0.95352,,,-70.88224716,119.9999924,0.035000697,0.025767388,-80.79999542,87.87506074,0.023935762
642862167,0.020164788,7.000140003,0.13718,0.068460781,0.07972,0.151886667,0.15226,130,-38.90625,37.75000381,-55.00000381,-54.93750381,,,0.001,1.208116537,0.75154,0.754,0.75422,,0.31852,-64.36437112,90,0.101583685,0.037430655,-77.375,109.3749627,0.030024312
813709961,0.080628086,13.00026001,0.01586,0.37503795,0.02978,0.078676667,0.09275,80,-32.75000381,56.09999847,-45.9375,-45.82500458,,,0.0013,2.114293621,0.6106,0.61438,0.61488,,0.02132,-61.89462835,29.99999809,0.181582574,0.020523762,-92.70624542,262.0624006,0.022059931
785378254,0.226990576,6.000120002,0.02024,0.455860279,0.07158,0.183588,0.2093,280,-36.15625381,32.49374771,-44.49375153,-42.63750458,,,0.00128,1.46140332,0.63808,0.64104,0.72852,,,-65.03716417,239.9999847,0.076758282,0.008109985,-78.40625,73.17714393,0.017036859
541549227,,1.00002,,,0.15888,,,190,-36.6875,47.59375381,-53.37500381,-49.90625381,,,0.00094,1.321262146,0.70686,0.70936,0.76214,,,-68.78534083,170,0.004053017,0.031190779,-76.75,91.23267978,0.016662751
785379621,0.359006211,3.000060001,0.00516,0.359006211,0.04092,0.00805,0.00805,200,-44.56875229,40.80000305,-49.13750458,-49.13125229,,,0.00084,1.304949915,0.55964,0.5615,0.56148,,0.00602,-71.17171181,160,0.016324862,0.190783933,-81.74375153,91.89622849,0.01745669
783698483,0.092405885,5.000100002,0.15358,0.190649098,0.07344,0.217145,0.22334,200,-48.91875458,46.43125153,-62.64375305,-59.25000381,,,0.00106,1.557409437,0.65006,0.65298,0.71872,,,-78.30146107,160,0.079168259,0.050321888,-86.76874542,79.20304686,0.0236816
596892865,0.135914483,3.000060001,0.33142,0.135914483,0.14128,0.38355,0.38355,210,-40.31250381,43.375,-48.71875,-46.65625,-48.71875,,0.00086,1.320091909,0.6423,0.6446,0.72532,0.72532,0.33142,-71.95499622,210,0.014285676,0.021054016,-81.78125,99.92786497,0.022972354
786472934,0.088213193,8.000160003,0.04702,0.265454127,0.05944,0.1288,0.14362,260,-47.28750229,44.84375381,-58.93125153,-55.48750305,,,0.00094,1.439479395,0.64344,0.64602,0.7206,,,-82.22531433,210,0.118693957,0.014311501,-91.73124695,82.18738437,0.019148088
720850095,0.065536284,9.000180004,0.0488,0.225770182,0.05192,0.1057825,0.11103,140,-37.5,47.25000381,-53.37500381,-52.06250381,,,0.00088,1.185298292,0.62942,0.6318,0.66866,,,-76.68484624,100,0.1392885,0.01692529,-92.65625763,128.2812059,0.015604747
567754895,,1.00002,,,0.08474,,,290,-48.1875,33.12500381,-61.53125381,-61.43750381,,,0.00118,1.494691767,0.59394,0.59714,0.59734,,,-70.40814623,280,-6.56E-18,0.06988395,-76.18750763,46.22389376,0.019410218
766793835,0.07686703,7.000140003,0.06506,0.236197476,0.0857,0.136783333,0.14846,180,-34.41875076,42.57500076,-51.48750305,-45.54999924,,,0.00106,1.425069876,0.73378,0.73662,0.8115,,,-78.37556267,140,0.150003,0.005355009,-85.51250458,89.84374255,0.014869421
653040819,0.078902285,17.00034001,0.00884,0.536391027,0.0387,0.05621375,0.06566,80,-41.875,45.375,-49.625,-49.56250381,,,0.00104,1.543180041,0.61996,0.6227,0.62266,,0.01156,-67.58231201,40,0.16250327,0.053231828,-91.12500763,199.6875256,0.022489356
672184262,,1.00002,,,0.09904,,,270,-51.56250381,33.12500381,-68.59375763,-64.03125,,,0.0011,1.538069326,0.67032,0.67312,0.72668,,,-87.34525942,260,0.029623707,0.103511281,-94.87500763,62.49984726,0.01715175
805752506,0.140101299,10.0002,0.01522,0.551442493,0.04136,0.098497778,0.13444,90,-31.91874886,57.65000153,-41.19374847,-40.99375153,,,0.00122,2.002461448,0.66318,0.6672,0.66826,,0.02778,-59.96507314,40,0.157947084,0.069414996,-89.4125061,231.3122898,0.034978466
768874978,0.062658425,8.000160003,0.0631,0.203138319,0.0327,0.122694286,0.13328,150,-37,47.53750229,-51.65625381,-46.14375305,,,0.00082,1.172138803,0.57994,0.5819,0.63524,,,-64.00506935,100,0.14018972,0.252503335,-78.40625,124.4687587,0.0174097
712882756,0.03428272,18.00036001,0.01976,0.18875355,0.02672,0.056568235,0.06058,130,-45.84375381,40.6875,-57.40625381,-57.37500381,,,0.00072,1.104802658,0.556,0.5581,0.55816,,0.0578,-79.90231247,90,0.2750055,0.054446653,-99.25,168.7498391,0.019164688
770414910,0.088757699,14.00028001,0.01148,0.427525748,0.02152,0.073667692,0.0918,100,-41.88750458,38.97499847,-47.46875,-47.42500305,,,0.00172,2.523375607,0.5482,0.5522,0.55224,,0.01246,-63.02065659,59.99999619,0.150002986,0.039912581,-85.91875458,292.3438847,0.039176428
720871145,0.060970529,9.000180004,0.05274,0.212181977,0.04658,0.1141175,0.12259,160,-40.71875381,53.00000381,-54.84375381,-51.75000381,,,0.00086,1.287948253,0.60216,0.60446,0.65944,,,-71.80850165,119.9999924,0.133574096,0.089020841,-84.59375,110.1103351,0.015113565
720856105,,2.000040001,0.60466,0,0.04782,0.60466,0.60466,180,-38.59375,49.53125,-51.40625381,-49.40625381,,,0.00094,1.350845013,0.60322,0.60566,0.66556,,,-69.74337006,140,0.078847731,0.045642629,-82.28125763,112.1875346,0.018730915
